Point 1,Point 2,Point 3,Point 4,Point 5,Point 6,Point 7,Point 8,Point 9,Point 10,Point 11,Point 12,Point 13,Point 14,Point 15,Point 16,Point 17,Point 18,Point 19,Point 20,Point 21,Point 22,Point 23,Point 24,Point 25,Point 26,Point 27,Point 28,Point 29,Point 30,Point 31,Point 32,Point 33,Point 34,Point 35,Point 36,Point 37,Point 38,Point 39,Point 40,Point 41,Point 42,Point 43,Point 44,Point 45,Point 46,Point 47,Point 48,Point 49,Point 50,Point 51,Point 52,Point 53,Point 54,Point 55,Point 56,Point 57,Point 58,Point 59,Point 60,Point 61,Point 62,Point 63,Point 64,Point 65,Point 66,Point 67,Point 68,Point 69,Point 70,Point 71,Point 72,Point 73,Point 74,Point 75,Point 76,Point 77,Point 78,Point 79,Point 80,Point 81,Point 82,Point 83,Point 84,Point 85,Point 86,Point 87,Point 88,Point 89,Point 90,Point 91,Point 92,Point 93,Point 94,Point 95,Point 96,Point 97,Point 98,Point 99,Point 100,Point 101,Point 102,Point 103,Point 104,Point 105,Point 106,Point 107,Point 108,Point 109,Point 110,Point 111,Point 112,Point 113,Point 114,Point 115,Point 116,Point 117,Point 118,Point 119,Point 120,Point 121,Point 122,Point 123,Point 124,Point 125,Point 126,Point 127,Point 128,Point 129,Point 130,Point 131,Point 132,Point 133,Point 134,Point 135,Point 136,Point 137,Point 138,Point 139,Point 140,Point 141,Point 142,Point 143,Point 144,Point 145,Point 146,Point 147,Point 148,Point 149,Point 150,Point 151,Point 152,Point 153,Point 154,Point 155,Point 156,Point 157,Point 158,Point 159,Point 160,Point 161,Point 162,Point 163,Point 164,Point 165,Point 166,Point 167,Point 168,Point 169,Point 170,Point 171,Point 172,Point 173,Point 174,Point 175,Point 176,Point 177,Point 178,Point 179,Point 180,Point 181,Point 182,Point 183,Point 184,Point 185,Point 186,Point 187,Point 188,Point 189,Point 190,Point 191,Point 192,Point 193,Point 194,Point 195,Point 196,Point 197,Point 198,Point 199,Point 200,Point 201,Point 202,Point 203,Point 204,Point 205,Point 206,Point 207,Point 208,Point 209,Point 210,Point 211,Point 212,Point 213,Point 214,Point 215,Point 216,Point 217,Point 218,Point 219,Point 220,Point 221,Point 222,Point 223,Point 224,Point 225,Point 226,Point 227,Point 228,Point 229,Point 230,Point 231,Point 232,Point 233,Point 234,Point 235,Point 236,Point 237,Point 238,Point 239,Point 240,Point 241,Point 242,Point 243,Point 244,Point 245,Point 246,Point 247,Point 248,Point 249,Point 250,Label
0.0,47767.0,51901.0,37844.0,49817.0,32837.0,40128.0,15900.0,22289.0,23668.0,17296.0,20315.0,20462.0,12191.0,11819.0,13768.0,14486.0,21468.0,4448.7,8929.7,11316.0,18558.0,6147.0,2372.2,2349.9,1591.2,1739.9,3114.3,1925.2,4652.7,3361.5,1792.2,4613.1,2480.2,2194.9,5533.4,2492.0,1095.3,6257.9,3077.6,2154.8,606.08,2172.0,1672.1,1021.6,2449.6,2160.9,1541.1,579.0,1657.9,1072.6,1838.2,1936.1,2330.2,1406.5,1747.0,845.35,3271.0,3104.4,818.48,665.92,727.99,609.82,1692.2,1188.2,1453.2,1220.7,1443.7,1467.6,1656.6,2192.7,1736.4,1949.8,2562.0,2315.4,597.06,1615.6,915.98,2655.3,1186.0,530.75,340.45,1606.6,278.92,761.12,1539.0,1204.3,1379.5,927.88,420.86,2276.5,3655.7,1100.5,1797.7,2073.8,1154.4,2485.7,2369.4,1629.5,1649.9,1216.6,1701.8,2021.8,1529.3,1166.9,1051.4,1591.9,1433.7,2157.0,985.76,1000.4,1370.4,2046.1,2686.6,1105.1,1858.7,1615.3,1241.7,393.78,702.23,1819.3,916.6,1963.8,1229.2,740.19,1447.0,741.25,309.88,2503.2,698.44,651.49,1983.1,1915.3,1016.0,1997.0,786.84,890.7,1781.3,341.43,1908.4,850.64,1043.9,1625.5,1440.4,185.74,2409.1,1600.3,1408.7,1699.8,420.19,1086.6,1341.0,1431.9,1639.6,549.12,572.3,2105.5,711.34,80.272,1205.5,1479.4,1070.5,1032.8,1123.1,1018.2,1134.6,1463.8,1680.7,643.25,1028.9,1283.7,558.31,2138.6,710.98,729.99,736.45,1048.2,1143.3,423.52,1206.5,424.93,1515.5,1219.2,566.42,1213.5,569.9,226.57,876.0,592.7,281.33,645.49,1036.7,254.27,1009.3,707.72,674.26,1322.8,711.96,270.5,659.17,282.87,520.51,295.65,636.79,643.03,546.07,432.13,1066.7,586.19,264.26,1043.3,912.58,667.7,508.24,665.51,371.03,994.05,253.18,535.51,490.04,208.44,245.48,550.48,637.05,322.83,365.54,626.5,260.71,282.43,880.96,637.34,315.64,644.39,415.36,492.88,48.741,556.54,335.38,275.89,660.1,340.68,397.02,25.704,240.77,319.98,146.52,251.0,276.51,379.4,62.72,contraction
0.0,18924.0,10866.0,12648.0,29452.0,3444.1,6008.3,10434.0,18043.0,7316.3,12442.0,6094.1,1234.3,5443.9,15234.0,7011.9,10747.0,15891.0,15387.0,9436.0,6853.9,13305.0,12669.0,3722.2,3977.2,8034.2,6408.9,3773.3,1582.0,2065.1,1285.3,2802.3,2506.0,1120.1,1108.1,427.61,1375.2,3185.9,3388.4,995.24,2411.8,833.02,3597.5,2299.2,4190.4,765.11,1429.7,627.56,782.43,2134.2,1541.5,2560.8,1626.2,2900.7,1254.5,961.73,3526.0,1195.8,437.11,2380.8,1102.3,2003.0,747.72,698.31,1002.7,1682.5,1020.7,2197.0,618.37,552.07,1474.7,1422.7,687.4,2152.3,336.92,1927.8,1404.4,1243.0,174.31,1609.8,384.27,1028.0,1722.9,1384.1,875.07,1239.5,2082.8,780.73,1221.1,298.16,1434.8,1190.6,2681.1,1185.9,1881.1,907.58,2025.3,1678.5,931.9,2271.3,2255.6,1348.1,157.78,838.79,943.03,274.25,1252.8,1286.2,620.31,1535.2,663.14,825.37,438.66,560.6,856.51,1410.6,1396.4,317.37,871.04,1567.7,612.99,130.84,428.46,779.63,975.74,527.04,632.48,882.46,1946.3,1337.0,2002.4,143.31,989.65,546.55,898.66,348.75,421.45,1306.2,567.97,1036.3,1217.7,1443.1,205.46,823.94,541.97,92.48,1523.4,806.88,215.24,1179.1,2539.6,1135.6,1066.7,1746.6,842.05,623.3,592.82,479.4,272.61,950.42,1046.6,220.06,787.08,1055.4,869.34,1096.2,548.25,666.03,1217.0,1155.3,734.3,293.83,1410.6,540.99,836.48,1381.3,285.02,211.75,1024.6,595.24,508.73,447.62,629.21,1191.4,187.63,1106.2,368.53,517.37,447.19,252.0,537.9,856.75,1156.5,234.08,667.47,500.76,818.39,664.87,317.55,507.7,1795.0,445.03,123.87,764.02,556.0,289.37,228.22,749.0,453.25,1052.0,243.0,445.19,658.53,374.78,440.07,664.7,410.85,371.64,1004.8,612.21,217.27,933.13,584.21,517.38,351.38,147.43,230.02,518.58,610.06,397.36,78.68,384.2,637.57,327.49,270.63,278.85,320.54,242.62,85.785,272.36,478.08,221.96,180.09,278.95,97.083,158.33,157.29,70.228,41.74,175.59,contraction
0.0,18232.0,32134.0,33887.0,14675.0,19730.0,4007.5,5118.2,5923.9,6333.9,515.59,3703.5,5471.7,3261.2,2549.9,4514.7,2382.9,2055.7,2050.5,3631.5,1037.6,2718.6,2914.3,1056.1,2775.6,1822.2,1252.5,1073.3,631.86,871.32,1278.0,1714.6,410.29,349.74,778.88,1207.5,778.9,635.86,839.83,406.73,439.27,896.6,191.83,600.86,671.6,1342.3,1085.7,430.57,381.72,657.05,246.99,649.85,254.13,1023.6,412.48,155.71,488.07,281.51,732.64,695.28,819.76,144.46,1173.4,384.46,210.95,176.73,871.85,390.69,439.66,651.19,802.73,468.36,769.51,94.057,682.68,324.38,806.65,461.0,498.8,532.28,408.81,257.24,228.67,1302.0,164.72,297.75,676.99,521.79,872.58,232.65,775.86,562.64,1068.0,622.52,129.3,462.03,521.74,408.34,261.68,500.97,1105.6,270.15,893.53,119.55,333.63,841.72,456.65,359.67,656.9,152.64,471.9,742.23,480.6,186.61,245.54,543.43,654.88,648.25,334.12,496.06,607.07,280.86,140.68,220.55,547.72,303.09,468.96,781.75,429.29,437.95,540.93,1036.0,499.41,762.72,372.38,140.29,509.01,363.15,623.11,589.07,513.95,165.88,178.27,690.08,426.77,405.38,143.63,851.24,81.822,611.53,625.61,194.35,295.12,197.85,239.26,394.36,418.12,494.67,128.8,494.69,800.76,368.12,189.87,593.79,205.15,652.42,301.14,494.97,265.0,310.57,243.86,408.84,376.79,435.11,772.31,656.23,45.436,191.53,408.97,78.739,627.03,243.2,158.7,279.74,604.49,50.973,333.82,179.94,392.63,261.23,221.73,245.1,333.9,754.99,207.38,504.31,329.84,94.633,308.06,295.33,266.56,806.24,293.48,612.46,186.33,224.56,398.47,269.75,300.71,375.29,467.67,136.9,192.17,169.8,45.422,144.92,144.16,400.59,542.07,177.47,148.5,154.31,86.691,157.85,219.8,173.98,439.88,269.13,192.66,288.47,300.53,118.36,282.49,227.33,60.357,190.89,131.65,151.57,80.344,123.09,73.765,269.52,127.91,102.91,133.23,43.42,184.95,113.16,138.27,78.504,contraction
0.0,18176.0,10650.0,6063.5,13978.0,11883.0,6157.6,8562.7,10272.0,2101.1,13019.0,5558.1,5688.3,7019.3,5233.0,5022.6,872.78,4137.7,4529.6,2898.3,4182.3,3301.6,3341.8,1896.7,1301.4,2228.6,328.7,2744.2,2023.5,1702.5,1377.3,2072.9,785.14,1790.7,1596.7,2803.1,447.51,956.7,1119.3,668.87,1126.6,675.76,748.66,1360.1,573.71,1056.8,1253.7,373.23,803.08,1169.6,549.85,191.63,558.33,528.02,947.43,667.25,1071.9,63.202,46.873,295.8,320.19,791.15,396.0,791.14,518.79,297.74,1019.3,1045.5,658.71,482.74,534.55,592.18,324.2,916.6,1640.5,774.24,892.15,670.8,63.814,600.08,948.46,630.58,528.02,773.11,559.38,1140.6,1170.3,485.37,373.76,598.23,656.61,368.85,560.47,389.53,605.01,901.19,477.98,274.06,742.05,871.34,284.3,445.35,552.58,141.83,108.34,308.08,683.28,463.75,594.38,592.61,423.01,269.62,567.74,68.725,766.15,1221.6,232.45,1098.7,351.32,253.55,1022.7,348.71,494.02,197.0,1016.7,585.09,618.9,374.87,412.1,397.59,118.13,576.59,287.19,231.48,821.13,621.02,509.91,415.09,437.06,408.01,326.4,243.55,369.23,615.82,207.29,285.16,371.13,776.77,367.54,634.86,1096.4,604.61,365.26,1266.3,390.43,304.29,104.92,339.3,656.75,829.86,410.47,145.62,156.67,158.88,1310.1,750.08,888.2,420.45,752.74,424.54,683.65,119.6,781.51,852.75,469.92,593.27,465.04,642.11,424.88,27.755,534.31,424.58,384.6,135.25,727.55,512.43,498.15,715.86,192.8,267.57,390.04,143.81,692.39,536.38,613.84,384.5,457.71,412.49,345.37,170.15,193.76,204.18,234.44,380.22,118.44,258.61,288.19,434.54,403.27,141.9,303.51,201.05,94.82,524.28,98.788,381.92,204.85,247.72,318.92,336.92,162.64,335.19,73.558,319.15,417.46,177.89,87.147,114.74,152.64,55.937,177.45,175.31,105.03,51.476,113.13,351.15,153.1,195.6,216.2,149.84,82.584,127.9,129.41,39.803,29.751,188.15,45.678,120.14,200.71,217.26,contraction
0.0,9847.5,9462.1,15637.0,21832.0,17399.0,14786.0,10395.0,9678.3,9931.8,11316.0,7037.2,6683.4,8567.3,4708.9,7561.6,6211.1,4241.9,5864.6,5868.5,4403.8,3669.8,1158.6,1608.2,2493.0,2682.6,2809.4,3901.3,2835.7,2010.9,2573.9,1304.1,3177.9,4578.7,2350.5,2329.3,3982.7,2540.2,1967.5,2532.6,842.01,1269.1,1594.1,208.03,1272.6,2144.6,551.76,1264.8,1789.3,982.82,2668.9,2140.1,1183.9,519.94,1072.1,779.06,2627.8,3002.4,667.93,1311.8,486.92,823.3,2467.8,1840.6,1313.5,1696.9,2505.9,1011.2,1082.6,695.71,1226.5,2930.3,1548.7,1403.5,1093.1,1087.6,960.53,1555.0,1009.6,670.5,784.22,1484.7,1509.2,2112.8,1201.7,950.21,1162.4,575.29,1046.7,748.24,1068.1,412.57,950.57,585.38,227.67,1670.1,1399.2,527.84,1455.1,471.72,2016.7,1897.0,2009.9,383.51,651.83,1149.9,353.91,325.33,627.74,1543.1,743.67,1161.4,2194.0,1419.9,2207.6,970.65,753.08,588.74,536.59,605.24,891.38,1913.7,1425.7,987.25,1082.4,604.28,1300.2,1122.2,1047.1,664.12,683.93,2288.5,1317.2,144.53,1276.3,367.79,1264.1,947.78,1199.9,1068.8,2229.2,558.61,1077.1,933.66,440.7,1383.4,1074.7,1119.9,318.09,328.77,1413.3,1474.5,1253.2,1283.5,1515.5,954.65,744.13,2180.4,1949.9,1153.3,530.11,419.28,804.5,925.39,1927.1,1359.3,1089.2,1875.8,411.56,983.01,1393.8,931.64,760.61,807.8,451.76,949.55,1601.7,1744.5,1774.7,183.35,497.8,2168.2,1123.3,600.48,607.67,1427.4,259.07,573.56,1187.6,1048.6,711.51,473.33,140.55,545.6,568.47,1006.0,976.58,1892.4,804.08,353.26,424.13,690.75,772.62,615.58,144.73,162.78,183.68,1127.9,721.95,715.11,479.63,312.61,414.55,600.94,390.16,477.84,423.31,627.31,194.22,690.6,587.45,635.67,478.89,494.03,210.38,244.96,165.27,328.33,306.33,508.0,315.27,246.74,341.5,214.57,303.11,249.86,33.431,192.15,254.24,468.96,372.51,312.64,325.14,107.38,51.309,170.83,212.48,147.8,107.61,156.84,contraction
0.0,6955.4,6008.7,6499.5,8443.4,4259.1,11589.0,4729.7,7121.8,4000.4,3605.5,3875.3,1375.2,3363.2,5448.0,4362.3,3054.4,1967.9,1690.0,2267.3,236.62,903.17,2270.4,667.45,1381.0,1562.0,164.86,818.05,957.88,1067.9,1296.8,966.64,166.05,606.08,586.03,618.23,344.2,476.43,840.73,149.77,335.99,972.62,320.69,248.52,539.36,570.9,789.55,385.23,525.61,544.94,635.24,639.94,120.81,456.12,536.51,188.81,455.33,340.96,566.8,631.65,613.71,453.4,277.04,220.82,395.83,776.52,408.03,577.2,392.35,181.35,360.26,227.86,230.4,424.55,500.05,504.78,233.18,541.52,361.74,544.78,157.15,615.44,640.73,706.61,222.68,288.05,253.51,504.24,363.11,375.93,166.83,239.32,633.67,431.8,368.06,296.71,479.32,413.58,559.65,676.1,275.85,206.25,218.43,423.51,176.41,346.27,99.017,705.8,333.4,136.8,255.33,666.72,431.91,276.38,124.51,117.95,362.17,240.23,96.44,286.34,182.83,116.74,93.256,300.43,476.62,949.74,356.92,206.64,245.22,471.85,74.313,737.36,318.63,328.72,266.2,380.02,181.32,386.2,351.64,561.02,397.76,340.26,186.68,614.97,285.89,285.44,357.18,331.37,329.04,107.95,403.22,302.71,100.42,795.3,756.9,286.96,530.08,309.93,393.09,423.93,586.62,383.35,354.36,157.99,622.95,319.24,257.56,572.54,168.36,337.63,253.43,337.08,588.47,565.3,387.54,308.42,391.77,308.31,987.45,254.62,424.31,223.18,628.19,307.48,503.48,287.19,171.57,224.54,622.43,379.32,407.08,111.31,107.2,184.94,279.62,442.28,292.69,649.08,602.73,195.97,214.25,243.65,220.74,323.55,287.5,156.38,377.22,96.906,270.09,193.1,191.99,467.9,291.51,274.73,362.15,396.11,274.63,400.09,142.97,226.24,140.26,275.71,26.167,217.22,140.81,86.999,55.587,176.94,203.83,152.43,297.29,276.11,128.64,178.02,139.53,131.27,177.14,129.53,152.16,111.81,64.785,38.365,15.984,185.24,40.236,197.73,13.081,131.74,45.638,100.31,contraction
0.0,10275.0,17028.0,15248.0,12838.0,6357.0,6356.9,4849.1,8120.4,8823.1,8292.5,3151.9,3547.4,4941.5,1763.6,1502.3,1469.8,1404.0,858.81,1074.9,732.58,1809.0,390.0,288.74,1357.0,669.11,482.01,1151.3,847.19,501.28,104.7,934.1,593.19,111.98,601.74,299.29,803.18,480.35,609.88,746.18,302.65,1278.1,263.42,581.19,1084.3,724.75,234.08,829.18,1160.1,519.16,845.87,737.91,729.59,523.97,578.23,421.08,728.69,190.33,885.38,269.23,320.98,908.03,338.46,265.98,600.9,909.72,255.78,656.44,651.55,317.63,364.02,855.36,786.45,308.75,198.07,348.55,536.3,534.94,476.96,318.15,758.42,227.41,567.15,273.29,255.65,540.74,371.83,514.25,313.66,154.06,563.65,571.6,427.31,110.29,1001.8,632.45,683.96,628.38,463.03,389.65,181.29,437.9,1094.5,490.96,347.94,529.66,568.33,949.27,532.59,906.12,562.12,885.13,823.04,345.68,731.11,642.7,634.6,564.19,753.62,271.91,799.12,936.13,216.26,807.63,1001.8,303.33,599.19,312.49,313.7,726.98,784.98,289.56,153.8,761.76,705.17,762.23,207.97,631.79,555.5,67.196,921.76,779.1,604.94,494.69,413.33,199.11,143.3,309.76,238.66,261.01,513.23,195.8,1056.5,657.84,377.77,640.94,127.94,507.49,376.29,755.32,521.69,706.34,676.45,418.07,978.42,306.98,195.94,615.15,476.5,292.99,393.29,481.23,182.9,231.09,381.18,355.93,742.75,647.49,262.55,509.94,694.62,543.12,566.5,666.94,591.89,280.14,452.13,735.91,422.6,687.12,406.95,936.52,205.95,650.56,578.62,434.64,212.28,478.83,365.42,215.34,222.7,778.68,718.02,427.68,740.17,561.78,610.05,659.17,523.6,358.45,152.63,451.06,327.15,585.03,539.71,383.55,147.13,440.11,293.42,245.33,703.8,353.59,330.24,37.401,322.2,221.15,44.247,276.02,259.5,125.57,116.27,342.79,102.62,144.62,308.67,62.132,28.902,229.54,109.14,118.95,134.6,113.49,104.79,268.5,119.55,41.925,51.001,154.5,36.919,90.937,contraction
0.0,16180.0,15319.0,20222.0,32166.0,13106.0,15458.0,13560.0,13814.0,10014.0,6710.7,7181.6,6598.4,4234.9,3178.7,6262.7,4098.3,4402.5,2850.6,3409.4,2907.1,2457.0,2611.1,1660.3,2652.0,1539.2,2958.4,1548.1,2699.1,2253.4,947.64,3176.0,1365.0,2474.8,1293.5,1412.4,1508.9,743.08,2108.0,1261.7,977.19,1249.2,1200.2,902.4,1194.0,712.81,712.53,929.21,1279.1,394.74,1005.1,1552.8,1397.6,1192.7,845.06,961.24,567.23,703.61,1042.6,1123.9,1317.7,608.94,694.03,482.49,384.66,596.0,510.91,613.27,949.09,380.94,987.02,840.15,414.32,482.35,452.24,682.03,704.74,462.21,762.32,945.07,286.68,744.86,744.95,368.85,693.25,122.12,920.25,714.09,308.13,612.76,412.51,164.7,607.47,176.86,340.25,786.06,553.75,1616.3,838.49,254.33,966.42,574.06,817.33,836.71,603.18,643.25,401.22,629.91,522.7,291.55,545.48,366.64,466.12,591.48,669.56,805.86,1011.7,660.8,578.31,115.76,184.47,244.69,559.88,365.88,396.33,544.72,913.16,310.62,794.66,852.17,513.65,536.81,245.85,872.43,608.17,184.56,757.9,776.1,54.391,727.26,268.77,374.73,470.21,298.89,764.31,405.57,216.16,352.44,424.57,683.6,424.46,559.33,141.44,500.11,471.82,494.61,448.37,543.85,441.73,480.27,818.04,624.37,213.07,173.66,217.24,388.19,111.47,389.63,495.0,481.46,503.97,553.78,636.81,698.31,754.01,426.66,196.38,304.37,222.4,548.33,488.89,359.94,730.09,359.0,594.18,427.99,676.86,602.53,312.37,547.07,398.15,86.155,679.83,502.65,119.43,530.63,432.25,394.0,398.5,301.01,858.14,536.26,210.43,609.01,36.853,814.15,334.26,137.22,384.48,341.28,230.93,22.263,444.16,489.32,398.56,327.84,358.97,269.67,310.69,17.593,133.81,386.25,197.94,182.34,32.291,454.44,273.46,116.25,269.93,114.23,210.89,215.62,140.95,139.08,157.08,210.2,99.532,255.07,194.93,289.55,194.52,86.502,140.07,34.7,63.53,93.992,112.21,78.472,42.343,184.52,contraction
0.0,7168.9,26278.0,19586.0,29141.0,20529.0,13814.0,13916.0,11535.0,21227.0,31369.0,21251.0,30316.0,15125.0,24416.0,6375.2,23831.0,13852.0,24052.0,22416.0,16241.0,13428.0,13774.0,8905.5,9154.0,9319.8,11836.0,6905.3,4901.8,3758.7,3847.2,3373.5,6373.8,4688.9,5478.5,4560.1,5513.0,2318.2,2779.3,3049.0,2230.7,2656.4,3933.2,4673.0,2069.7,3880.5,2459.6,838.97,517.48,2392.3,2633.4,2534.7,3293.2,2653.7,3702.8,2597.8,2483.3,2455.1,2562.9,889.16,1284.3,1038.9,1029.7,588.52,1021.7,1805.4,2164.5,2978.4,1812.2,3224.9,1573.4,2551.7,1629.1,1958.7,688.66,1236.3,1970.9,1555.3,1755.7,1278.4,1078.4,1119.9,2166.0,1492.1,1691.8,1458.4,814.36,606.74,211.26,1381.0,796.85,377.73,2145.1,1191.5,2346.9,942.34,893.89,277.72,917.06,1119.5,1258.1,899.95,284.19,772.32,1315.6,407.0,654.48,976.89,1493.7,296.99,1036.9,1294.3,1514.7,1320.9,823.47,1269.7,648.69,1862.1,2142.5,1715.9,503.99,1212.0,680.92,1589.4,602.2,723.87,1358.5,1237.1,714.56,644.5,1471.9,338.06,790.45,779.39,1057.4,1852.1,850.15,499.94,308.5,274.69,562.94,468.8,299.35,1602.8,1346.4,1045.0,605.24,664.11,664.24,917.74,265.67,741.78,751.71,1211.7,1215.2,1182.1,1163.6,541.65,1390.6,314.3,1038.4,623.23,1600.2,1071.6,387.25,422.79,1187.1,732.94,409.58,302.73,292.28,685.65,757.08,1603.9,564.91,408.79,363.12,472.67,286.48,927.55,1280.9,1461.7,525.24,424.68,247.2,271.87,146.07,500.33,1190.9,589.75,849.11,759.39,203.73,114.4,156.45,515.31,321.52,347.86,1260.3,311.91,855.15,833.11,596.55,419.16,404.31,337.05,677.45,756.64,416.53,435.19,447.43,1120.1,976.68,724.74,872.71,595.69,57.444,628.62,563.35,250.15,505.69,372.81,536.67,628.37,781.69,309.42,159.18,567.49,345.38,388.44,324.0,115.3,268.26,195.69,171.23,303.99,61.895,190.0,262.41,208.4,341.61,189.51,241.65,177.99,187.37,183.09,162.93,115.12,80.153,54.891,contraction
0.0,9488.3,34958.0,14642.0,389.84,22430.0,16735.0,14360.0,8172.1,9174.2,6390.9,8493.2,8984.1,11394.0,6803.8,4128.7,2247.2,4379.3,6756.4,8114.3,2738.5,5940.4,4748.8,2519.4,3367.3,4855.8,3796.2,5145.9,3648.2,3894.1,5308.5,4913.0,4826.8,3104.2,2029.4,1815.4,1844.1,2609.3,2832.2,2107.2,2204.9,1479.5,2386.1,2776.4,3396.8,799.13,1332.1,1668.6,2979.2,2678.2,2269.2,2377.4,2460.1,1399.9,949.81,1007.4,141.34,622.52,712.6,726.84,1652.0,3161.1,1724.7,2686.3,2128.6,1210.3,599.19,466.57,756.3,1672.2,1080.6,1337.8,895.05,672.97,1938.5,1977.6,1863.4,847.31,179.8,1178.6,1248.1,691.84,1016.3,1451.3,597.05,318.79,1179.4,331.19,773.25,207.28,80.484,629.27,556.9,673.5,637.2,1117.3,601.84,1032.4,1313.8,555.1,902.85,182.1,786.21,339.6,610.24,406.32,1016.7,313.48,1099.1,728.27,691.14,863.67,590.74,316.6,1160.3,360.52,644.28,1321.5,1020.3,1642.3,733.68,585.67,1677.1,738.09,679.96,446.99,589.92,510.18,1904.5,508.0,1111.7,636.54,1139.5,2100.2,1597.9,365.45,840.5,1169.1,323.81,1036.8,742.38,1035.0,1146.9,721.48,1129.8,1012.6,806.99,1167.8,476.84,555.52,130.91,1133.7,494.92,1211.1,932.27,899.42,374.68,1341.3,1099.1,488.67,240.59,186.3,300.16,510.33,462.44,281.54,454.17,1212.1,516.17,676.5,996.26,463.25,178.47,173.04,554.65,468.85,912.99,1425.0,559.4,253.97,823.98,409.05,460.9,956.05,396.44,903.97,777.98,1297.0,222.7,175.31,677.52,827.32,400.22,620.07,237.14,969.14,1116.6,879.84,933.48,999.09,888.51,631.31,416.72,46.816,979.7,647.72,1303.3,326.62,351.45,1370.6,824.03,724.69,515.91,202.02,87.853,508.59,287.05,304.29,767.63,697.27,497.7,196.42,493.51,690.3,398.38,293.36,554.58,246.77,734.38,474.45,484.33,491.68,537.94,498.02,219.14,478.15,498.24,287.02,429.19,117.45,317.25,654.64,544.03,699.59,377.61,424.73,255.56,334.14,205.18,279.73,contraction
0.0,4701.3,42396.0,30216.0,18445.0,16434.0,20531.0,5799.3,6867.6,14616.0,9640.2,8108.8,12896.0,3031.0,11568.0,3441.0,9632.7,4657.5,5804.4,5147.3,1705.2,3645.2,3953.8,964.11,3749.3,1794.0,1580.1,3279.2,1025.7,3342.3,4620.1,2342.0,3525.5,4173.1,1056.1,2713.6,3248.4,1242.9,3971.3,4429.3,836.85,1821.4,1873.3,3625.7,674.2,1371.0,941.69,1183.9,1046.6,2509.0,1335.6,598.08,2403.5,3221.1,745.81,1938.0,2669.1,2015.8,3632.8,3131.1,2005.9,511.8,2528.7,2698.4,1079.7,2482.2,1562.5,1555.0,2156.9,2124.2,1641.2,1440.1,361.24,956.3,1269.7,2130.7,906.96,1737.4,1871.1,2184.9,2562.8,1484.5,1818.0,591.28,645.68,2399.0,2198.4,1407.8,1614.7,1868.2,1686.2,583.86,2096.8,466.37,2322.3,741.82,2050.4,940.84,1004.5,1561.0,1730.0,2235.4,1535.8,1864.7,2283.6,1849.1,1452.2,1643.3,2827.7,920.45,1183.0,1458.2,1473.1,1003.7,1157.3,1799.2,477.81,800.93,879.3,912.95,871.61,2449.9,1110.7,1527.0,923.43,2036.6,1941.5,241.77,654.72,740.41,1560.1,956.4,2636.5,1766.7,1257.6,1719.4,1104.7,939.67,869.17,1426.7,1600.6,778.89,1351.0,1355.0,2109.6,2093.6,1626.8,1136.3,2225.2,1047.3,1074.8,1593.0,909.11,496.88,928.81,2408.6,939.32,2051.5,1601.5,1917.7,1172.8,1573.3,1146.7,1079.5,962.01,805.92,1531.1,2156.3,632.45,1001.1,1400.0,114.87,611.73,949.52,891.97,1166.7,1180.9,1000.5,1930.0,1605.6,968.48,509.67,754.99,625.91,305.29,1049.2,1175.8,153.74,345.97,770.0,678.12,557.36,718.02,709.45,1152.4,168.88,1607.8,1434.8,486.61,458.56,980.2,1373.7,733.93,267.2,560.61,460.49,1070.7,1021.6,496.83,315.54,911.1,854.64,658.64,1199.1,778.62,566.83,481.44,527.46,1035.1,115.43,591.45,582.98,1520.9,739.95,243.92,101.58,472.76,333.33,454.31,661.78,323.54,464.6,391.65,186.46,60.356,397.4,594.93,129.24,216.64,352.0,71.237,256.0,249.93,290.11,207.45,162.65,329.61,131.57,119.22,347.19,contraction
0.0,87477.0,58664.0,108890.0,105150.0,68006.0,89701.0,30652.0,50834.0,13372.0,51230.0,34486.0,28109.0,16163.0,11578.0,27467.0,21054.0,11438.0,17790.0,15334.0,17118.0,4709.1,14379.0,4544.3,7999.7,8405.0,14618.0,3797.6,9373.6,9876.7,8125.9,5908.3,8415.5,1520.7,2161.7,7208.9,5479.3,1120.7,5538.6,8310.2,1566.8,5983.1,2457.9,9270.0,4392.8,4894.8,1802.0,1352.4,1194.1,3789.5,6155.6,567.9,5577.8,2763.0,4068.7,2047.2,1393.1,2012.0,837.07,3596.1,1299.5,2111.7,3534.8,1488.4,3873.3,2058.4,3621.3,4681.7,3663.8,3420.8,2256.7,2558.8,808.91,3723.9,1965.5,3924.7,3006.3,2413.4,1489.7,1877.2,987.63,1708.0,1871.3,1256.8,931.69,1978.5,1093.7,834.22,1590.1,568.87,2261.3,931.31,2199.0,1754.2,2443.0,418.65,1180.0,2399.3,332.65,2416.6,753.88,2647.9,565.37,2218.3,330.19,486.49,1997.0,588.75,1156.9,1470.3,2105.6,569.9,852.91,935.89,1609.6,535.84,1036.1,1447.1,1448.2,1040.7,910.55,938.32,748.1,1687.7,1169.8,2173.4,1326.9,843.52,1042.2,1285.9,688.45,417.33,1324.5,1389.7,1253.1,797.92,1500.4,477.32,1505.9,502.97,1725.4,1072.3,517.6,974.46,932.22,738.3,741.44,1242.7,2121.9,261.22,2004.1,262.39,1800.8,1461.1,2709.2,1877.2,1948.4,2276.7,584.16,1462.0,509.75,1612.3,338.85,1815.7,1657.1,1608.7,1282.2,1097.1,1023.1,802.87,783.63,1562.2,943.08,1013.1,206.03,1133.1,639.81,507.2,568.56,539.77,1043.3,714.09,860.59,1061.0,1370.2,977.97,660.37,695.52,532.0,857.22,162.11,382.93,1013.4,920.23,1079.8,1091.0,699.16,832.76,719.87,364.73,1098.8,767.87,220.96,769.01,917.7,305.86,255.6,861.13,353.66,688.61,467.78,294.16,353.64,158.1,491.15,179.3,475.32,730.3,311.38,528.53,62.856,556.05,397.52,872.61,157.27,483.63,304.96,351.69,188.86,129.22,267.69,207.54,380.05,228.45,96.807,634.82,158.22,515.57,316.18,500.8,330.2,622.82,284.56,392.01,286.28,182.18,300.46,441.31,260.35,164.32,contraction
0.0,2272.5,3008.3,3224.4,10116.0,1883.4,5693.6,6377.7,2373.5,11321.0,7829.8,3443.1,933.69,3570.9,1820.8,431.98,1728.8,2272.0,3881.6,1449.8,2298.9,4051.1,2928.1,2410.4,3096.1,3457.0,1604.7,3451.4,1450.4,2392.9,270.48,2391.8,1992.0,2594.2,1225.1,173.06,1723.9,1133.6,923.66,2451.0,506.4,1401.1,1449.8,825.54,422.7,928.4,496.1,690.58,1045.1,1036.5,1215.4,1475.0,2218.9,701.21,1452.3,1401.1,1366.6,805.85,606.18,349.96,358.18,552.63,617.51,811.62,739.96,203.26,1057.2,1833.0,836.36,1001.5,975.36,911.44,927.91,83.192,924.42,546.47,234.9,565.53,165.83,1247.7,1900.4,777.48,604.13,568.79,808.83,1125.9,1769.0,717.83,1136.3,722.35,910.59,653.69,77.259,829.21,1280.1,1042.9,240.81,1448.8,1217.4,1499.3,1142.0,981.81,692.23,930.46,952.47,1510.2,1190.2,539.04,1125.8,863.86,534.97,660.8,792.94,1010.8,820.27,988.47,863.67,1054.5,1320.3,934.98,1058.7,782.96,614.16,1317.9,380.93,889.37,782.29,466.0,608.52,313.98,995.57,504.93,536.91,350.34,583.48,414.59,712.71,673.94,909.22,733.29,409.37,194.83,589.41,534.35,199.7,473.39,276.57,585.53,278.33,667.86,83.585,763.01,91.708,589.9,765.57,672.39,850.17,449.62,407.62,279.8,554.26,371.83,210.62,462.4,743.61,185.39,548.45,371.82,290.15,818.13,991.72,165.01,713.12,270.77,219.32,360.99,278.61,315.32,528.44,896.5,682.55,551.78,666.02,283.13,796.92,286.06,235.95,276.93,114.82,287.71,478.99,206.34,285.42,542.95,139.46,388.87,420.69,209.78,376.61,318.11,576.62,312.57,483.41,393.7,228.49,482.47,266.0,448.65,131.95,310.58,514.46,455.64,336.02,179.65,118.94,535.19,284.0,381.66,26.523,212.06,168.96,322.09,131.97,184.87,286.8,250.96,68.938,112.71,120.3,387.41,338.75,112.27,268.14,128.53,267.38,133.13,195.13,226.11,231.01,95.578,129.11,45.707,189.4,107.86,64.055,91.656,113.86,230.92,34.967,104.46,contraction
0.0,29990.0,25904.0,47903.0,76155.0,78811.0,65522.0,34311.0,27699.0,18639.0,14517.0,22065.0,21415.0,21075.0,17705.0,14335.0,23278.0,3897.8,5225.6,12240.0,2601.7,8742.3,2965.3,5810.4,10744.0,1243.1,4214.9,8285.1,7109.1,3657.6,3620.8,2734.1,1863.9,4705.8,2658.4,3425.1,3259.4,1949.8,4137.6,1992.3,2933.1,3302.6,1204.4,2871.0,3274.9,2131.7,3109.4,503.23,1277.8,627.87,1162.6,2268.7,1450.3,483.04,1273.1,2141.8,548.38,1067.3,2292.7,1356.4,1352.5,2085.6,360.35,1302.2,1307.2,735.23,507.39,886.49,329.31,856.67,762.4,349.23,970.0,745.56,1576.1,1252.1,834.46,1630.9,885.99,243.17,968.02,51.841,686.15,569.87,1010.5,721.51,297.04,311.84,541.19,611.21,220.02,406.09,1379.3,1366.1,179.54,482.84,1116.6,826.13,1289.6,1070.9,510.55,421.94,1250.4,267.19,152.99,683.64,751.64,674.02,819.33,983.99,1094.8,1104.4,420.53,825.48,405.68,390.05,799.24,665.31,244.61,553.75,748.22,829.38,524.05,637.17,545.25,654.57,750.05,824.29,586.55,1178.5,389.26,695.02,626.14,804.43,325.13,612.88,726.43,279.22,1028.6,741.0,700.33,664.31,736.96,344.94,350.75,578.28,1158.6,794.7,688.09,556.26,416.89,848.57,118.03,747.42,862.04,296.7,901.04,721.61,550.89,534.29,490.98,412.46,328.03,1248.7,738.81,952.44,1025.6,275.92,41.488,858.63,411.62,674.16,1420.2,124.85,931.55,742.15,866.5,639.92,783.15,41.377,59.27,1151.1,876.1,415.03,1776.4,715.72,1458.3,766.95,1122.1,207.41,371.66,814.19,606.73,713.59,318.49,866.37,207.73,114.3,415.67,569.43,534.57,340.95,800.9,480.4,772.29,313.27,645.34,925.13,180.39,760.09,516.59,202.6,154.28,669.66,579.1,162.45,546.47,382.03,177.01,874.0,703.33,265.54,541.3,416.31,81.745,542.32,470.2,517.28,692.18,494.05,210.48,684.28,535.65,495.62,102.9,226.57,268.23,305.11,451.8,203.2,325.18,267.96,87.814,239.28,280.36,367.76,83.984,250.51,361.77,222.41,contraction
0.0,22059.0,12889.0,18469.0,16650.0,18955.0,20341.0,31627.0,15977.0,20264.0,13571.0,19747.0,20740.0,12492.0,5543.0,8694.8,1379.8,7006.7,1887.4,3676.4,5270.6,8438.9,3095.5,3620.9,3675.5,2068.9,3864.0,106.46,3622.5,3198.7,2447.5,3319.2,891.45,1894.4,2903.3,536.43,1517.6,1336.7,1579.0,1402.5,1378.5,727.0,1029.0,1461.3,1563.2,698.15,966.15,1227.6,1128.8,715.11,1085.2,528.21,1271.5,1777.4,1479.7,1240.8,1295.2,660.4,127.55,256.06,574.47,267.06,376.47,752.3,616.58,845.47,490.77,1074.1,1047.6,667.93,983.32,1082.9,509.78,389.07,834.39,780.37,258.16,516.23,288.66,228.82,858.56,1082.9,259.51,1260.1,817.71,414.92,358.66,1267.4,720.0,1066.1,1851.8,798.07,781.12,681.53,467.94,1351.4,382.27,1360.7,494.94,1170.4,1557.8,584.03,1097.4,285.2,433.35,599.95,83.321,487.31,954.01,910.65,1363.6,1847.9,857.76,590.44,1120.0,714.66,1038.1,1185.7,1667.2,497.31,128.64,987.26,1049.4,967.23,1259.8,1092.1,703.93,886.12,2529.9,255.39,783.39,1309.3,496.17,1256.7,743.38,546.05,471.3,670.55,831.95,1376.7,240.47,618.43,167.23,854.79,830.79,980.3,519.53,607.78,1055.6,946.36,1811.3,1043.8,700.51,1045.2,1181.6,557.22,467.32,1398.3,2033.6,1354.3,414.58,923.15,807.27,771.94,1288.7,244.4,357.27,663.62,730.61,1263.5,314.55,715.97,413.47,314.78,556.38,1383.1,966.48,1393.2,721.77,529.82,391.65,266.04,109.34,662.27,223.78,500.15,986.97,805.63,619.55,630.17,1195.4,619.57,716.15,826.44,572.92,805.62,516.89,522.78,595.08,585.86,292.55,259.45,378.25,252.27,315.24,369.51,161.84,1076.1,267.11,923.26,111.77,376.48,493.68,511.84,348.33,557.42,494.55,228.47,512.88,342.26,641.8,250.42,517.4,799.54,88.822,108.28,403.35,288.37,258.63,62.715,520.05,160.09,94.344,333.46,288.1,221.12,240.6,364.57,114.85,251.32,125.75,138.53,85.218,231.44,76.511,248.22,233.69,168.77,313.35,193.89,contraction
0.0,26794.0,100880.0,51297.0,43867.0,47002.0,21115.0,54283.0,20476.0,19629.0,10933.0,19212.0,9693.5,13128.0,14837.0,7418.0,10744.0,4815.3,9653.8,10788.0,11319.0,5632.0,3676.4,486.02,1686.9,2966.2,6029.1,6329.6,6227.2,4173.3,3618.9,2940.0,3436.0,6644.5,3162.0,4533.1,2526.5,748.36,1506.5,915.73,2211.5,3548.3,2741.8,2702.9,1961.1,1566.1,2048.8,232.62,4100.1,2659.0,3027.9,2032.7,646.09,1515.4,2133.4,2579.7,3415.1,3406.4,1711.7,849.19,1680.3,2370.8,1243.9,2459.0,1771.6,1714.9,2034.6,778.12,1560.0,989.99,552.32,1309.1,846.4,1477.8,405.47,1018.3,1906.9,2020.9,1281.3,968.45,2301.4,556.03,500.8,1227.0,1313.4,2201.0,873.24,806.82,1412.9,1104.7,1231.9,691.37,227.42,416.05,1272.6,459.88,1169.7,1128.2,536.06,1338.1,461.16,401.73,544.43,361.35,803.39,1411.5,763.91,1244.8,47.056,920.14,876.26,740.05,616.04,746.79,162.36,437.95,727.94,1606.4,364.49,1114.6,313.53,129.34,754.44,446.98,1719.7,1123.3,1463.6,1019.3,402.03,657.9,202.8,105.09,997.76,1700.5,838.11,1065.1,900.54,616.12,277.51,125.99,1445.3,405.54,582.7,494.33,727.72,751.45,885.03,1519.4,1653.2,1073.3,618.46,1746.8,801.72,489.39,510.35,552.18,937.06,1364.6,678.13,836.73,1768.8,282.55,269.7,1031.8,109.43,592.14,803.73,740.72,911.28,708.1,558.67,1005.8,328.73,1478.8,1028.2,946.09,907.18,486.0,960.0,417.93,359.6,475.7,953.41,812.98,407.58,501.14,690.84,112.77,1587.5,737.36,998.98,429.71,711.37,330.49,525.39,650.66,399.24,886.08,298.18,280.28,574.08,672.91,550.85,120.68,318.55,408.69,916.55,379.69,588.96,629.14,488.32,712.74,296.57,294.83,559.95,800.49,722.07,164.04,290.9,478.05,726.4,123.35,333.94,262.46,270.55,367.79,506.32,178.49,306.14,459.0,268.68,316.6,328.85,183.73,219.35,184.74,353.62,164.8,361.66,175.56,368.69,111.96,161.99,189.69,426.05,118.94,75.361,114.16,119.98,263.52,contraction
0.0,5169.2,3781.2,12714.0,20510.0,25100.0,18374.0,18663.0,2632.7,21992.0,7768.1,33888.0,2541.3,17369.0,13531.0,22930.0,25422.0,18683.0,14244.0,13041.0,11209.0,12172.0,14649.0,1571.8,7244.5,2848.7,2694.2,5607.6,5998.9,8802.2,3790.8,4257.6,7668.4,554.19,4510.2,9495.5,6500.0,4401.7,792.48,7715.4,3461.3,2556.1,1397.8,4507.7,3053.2,3688.8,3718.3,3933.0,1564.3,2606.5,4847.6,2734.0,2850.8,3291.5,2984.5,191.67,3890.2,2225.7,2710.8,3175.7,2681.1,2062.9,940.22,1078.1,3783.7,1362.9,3747.5,1987.8,2894.9,1293.6,2438.6,2727.6,2834.6,1765.9,3378.5,4990.0,2576.7,1838.8,2578.9,3471.9,2165.0,702.99,2601.6,1613.2,1207.4,2566.8,1386.2,1956.3,731.33,680.86,834.44,2618.8,1835.7,1461.4,3114.6,779.8,2157.4,1398.4,373.73,717.88,1129.0,1571.9,2387.4,1023.3,1563.5,1261.4,1088.2,1948.7,2000.4,907.39,2350.2,3148.3,1099.2,965.62,1718.3,1106.9,1572.5,1629.7,690.19,673.7,1210.2,947.79,2083.8,1770.3,1805.3,2562.1,243.46,3094.7,1553.2,1317.0,1278.0,1720.9,1658.8,1264.3,358.23,965.79,1009.6,1341.8,2439.0,1193.2,1084.2,2434.2,1776.3,1542.9,1858.8,953.22,1756.6,416.43,1023.4,567.86,1257.7,976.85,1211.7,1632.6,1412.1,1181.0,746.36,388.83,969.26,1238.1,2522.1,1044.7,374.27,1202.0,711.46,1243.7,890.53,1329.9,1455.0,581.74,429.93,1559.6,1464.9,870.61,530.44,1343.1,943.57,2224.3,594.06,1170.5,1374.9,1597.3,1675.8,640.83,451.2,1612.3,429.84,317.24,1566.0,1019.9,833.22,408.45,694.86,2133.4,1277.9,795.95,1091.4,961.18,1957.1,1890.7,1282.0,1365.3,1455.2,1803.0,717.67,1291.6,1138.5,686.53,661.79,1443.4,616.38,214.94,586.03,327.49,1046.8,1336.7,715.01,1059.1,1089.2,904.47,1663.6,946.58,157.72,808.96,1343.1,214.5,832.54,578.01,383.16,186.91,506.26,924.58,426.63,713.92,307.26,890.55,579.62,649.44,628.62,310.27,533.27,661.78,642.15,507.55,608.36,477.27,664.96,329.54,734.58,410.68,contraction
0.0,27385.0,107310.0,76996.0,36904.0,58709.0,33773.0,34207.0,41308.0,44761.0,42074.0,38193.0,33082.0,27075.0,10063.0,21093.0,11047.0,6843.3,5070.3,3900.1,9373.8,7432.5,4996.3,2749.5,3851.0,1586.6,4413.9,7995.3,3394.4,7191.5,6144.6,5596.6,4019.7,3620.6,4843.6,6147.4,4842.7,2151.0,3296.5,528.2,2057.1,638.94,3206.6,2486.9,2836.8,2795.1,4050.1,843.27,3735.2,4410.2,5107.4,1306.3,1005.7,2937.6,2893.7,1193.7,1163.1,241.33,1743.4,1493.7,2205.5,2422.9,1390.3,3532.4,2973.7,1839.5,1368.5,1539.3,3640.2,1329.0,1510.1,932.86,647.45,648.74,1050.8,2122.6,2555.5,1186.4,1008.9,488.01,1416.9,2733.1,1505.4,1997.8,1629.7,1696.0,1381.1,808.63,1881.4,1719.7,1114.2,1023.2,589.19,848.83,1260.9,612.22,2402.7,1048.0,577.76,2307.4,999.32,910.08,779.38,554.99,2030.3,264.16,1513.4,1164.3,1359.0,602.16,738.59,1089.0,1201.8,1114.3,535.39,1311.7,1067.6,1862.6,904.64,1005.0,1619.9,936.24,1428.3,448.06,1038.9,1567.7,610.01,342.43,718.04,840.95,871.99,700.02,635.29,234.01,607.43,608.79,967.06,420.41,1592.7,1674.7,861.91,752.32,1425.2,1410.7,1366.2,906.4,967.34,340.55,198.83,1454.9,549.2,1106.4,541.03,626.13,1519.7,510.29,1715.4,492.17,410.14,816.08,1421.7,1051.3,1208.1,733.22,930.26,301.09,861.53,1528.9,771.8,1453.5,857.77,373.17,834.82,630.26,765.1,1367.4,1194.9,1343.9,1368.2,1238.8,621.14,1307.6,474.17,1127.8,704.59,1127.6,562.28,906.94,833.75,1252.6,753.48,1644.2,563.62,1063.6,402.13,397.7,145.75,987.88,424.95,978.39,496.47,669.38,652.95,378.91,690.36,431.64,744.8,254.68,700.82,168.18,590.09,331.05,413.28,780.6,401.92,412.08,368.43,351.27,685.85,269.58,837.9,145.64,152.47,570.1,576.19,376.16,481.39,71.565,374.7,459.72,437.96,134.62,104.86,163.1,219.82,337.6,129.0,208.21,564.0,40.942,259.2,95.013,255.59,148.36,262.78,274.07,87.092,270.78,319.07,113.01,contraction
0.0,2333.6,20841.0,13092.0,4683.3,4937.3,7246.9,7419.4,6804.6,6139.2,1805.1,3228.0,6126.2,683.05,4812.1,5499.6,3056.9,4499.8,6282.8,4915.5,6799.0,6828.9,4569.9,4817.4,4142.8,3630.6,1316.9,3906.9,2094.5,755.26,2029.6,1128.4,923.5,655.22,2085.0,2846.2,906.58,1863.4,2470.7,229.5,1984.4,1134.8,575.28,650.31,1603.1,1700.4,735.83,1191.1,1788.8,869.89,1166.7,55.191,1690.4,2524.3,2339.3,2903.8,3215.7,1165.0,1659.5,1783.3,720.85,1592.5,1278.7,498.78,1381.7,1658.7,2192.3,356.66,1831.8,1536.2,1464.7,1877.4,1381.1,513.5,2357.9,1969.8,1410.2,3024.3,590.81,969.51,2064.8,704.66,915.85,1748.3,1151.4,2075.0,677.9,1628.3,1452.6,2011.0,2302.2,933.17,114.22,1610.2,1266.1,1489.5,2862.0,1810.5,1517.5,1742.5,531.12,903.95,1531.4,377.16,913.19,230.64,1060.6,909.24,1174.5,1905.2,1077.1,1007.3,693.89,897.28,553.89,2321.7,796.05,1559.5,1667.9,1324.2,1386.8,1613.8,551.47,289.0,1706.8,311.64,485.01,1490.0,1799.0,1412.8,2159.8,908.78,903.98,495.33,1536.7,707.61,1738.4,1467.1,769.73,1185.3,986.67,274.04,530.08,689.92,1205.7,1032.3,751.16,662.49,429.24,1342.4,525.05,688.34,472.92,296.51,521.85,724.75,1148.3,1038.8,667.67,1751.3,547.03,257.32,388.35,1289.1,533.64,648.49,744.32,1292.8,192.63,309.66,399.71,1714.3,780.81,166.06,755.69,1219.4,434.29,934.73,1077.3,662.56,1131.4,509.74,886.93,175.91,834.88,559.82,734.15,650.76,91.652,580.57,329.16,400.83,284.27,416.1,871.2,277.84,810.88,183.44,843.49,769.09,146.37,1037.9,438.69,226.56,370.98,580.09,326.51,414.65,116.57,249.61,444.88,646.49,626.0,111.95,460.95,461.38,68.585,655.59,564.18,301.53,402.78,386.99,254.4,348.05,548.71,528.82,387.94,260.47,186.41,309.56,300.1,218.97,35.82,311.2,348.89,304.08,334.14,207.99,128.91,229.57,302.61,263.24,132.35,167.59,89.983,9.0162,19.261,145.87,87.537,232.03,contraction
0.0,4258.8,53885.0,48285.0,21474.0,9795.0,12856.0,8100.7,15428.0,18250.0,8111.8,3260.8,16221.0,4094.5,16550.0,12531.0,25930.0,20844.0,28148.0,21810.0,8695.5,14735.0,6263.8,12954.0,1515.1,1971.5,2869.3,6087.9,5932.8,4418.6,8225.4,1738.2,4480.6,4034.7,2453.8,6322.3,5293.9,8231.4,4749.9,5433.6,5470.1,3917.5,6092.7,4923.2,3932.7,1232.9,1229.0,4485.2,2785.8,5306.2,1186.2,2656.4,3011.5,4043.2,2585.5,4317.2,4148.7,5916.3,6854.1,2670.2,3926.0,3918.1,5509.3,2101.3,2153.1,3407.5,2056.9,2922.5,1315.1,1393.5,919.4,2026.7,1287.6,1112.8,2358.3,2819.3,2844.8,688.51,4184.2,4417.6,2525.4,2182.8,5258.3,2191.9,4132.0,1136.3,3202.7,843.02,1297.7,591.86,2529.3,1624.3,2674.4,1702.9,1758.7,3670.6,3849.2,2139.4,4017.6,5201.5,2891.5,1599.6,3296.6,4510.8,3262.1,804.09,1512.1,2957.5,1568.9,2209.0,2536.9,307.7,2905.0,2124.6,1453.5,3237.6,3549.7,3036.7,1251.0,2419.7,2671.5,1770.8,360.21,2862.3,3805.1,649.92,1752.3,1169.6,544.93,2282.9,2036.6,584.87,1208.0,3430.5,457.0,1256.7,1500.5,1576.3,370.1,3139.4,3461.2,1855.6,1028.7,1434.0,1851.3,1853.5,1182.5,509.88,1421.6,1240.3,1927.1,956.02,388.99,690.16,1734.4,1569.0,765.47,658.53,202.58,2574.6,2421.5,1587.6,1066.8,1483.4,279.53,2414.1,1109.1,1521.7,1089.2,2737.5,1364.0,1275.0,1494.2,616.43,567.67,1674.9,162.24,1613.6,1002.7,2310.3,1522.1,760.2,1537.9,65.869,1014.0,1924.4,398.56,1927.5,2389.7,1326.5,1216.0,1181.5,281.95,2170.2,205.13,760.06,1677.1,1736.5,1440.5,1633.7,2120.3,190.83,124.51,1049.9,199.44,220.05,732.09,615.72,1168.2,203.78,538.25,1359.1,578.17,718.2,657.03,609.01,878.72,814.02,1035.1,974.48,716.96,1321.7,554.16,646.36,427.81,95.608,435.49,837.16,402.1,249.6,672.18,732.26,663.21,478.1,600.99,254.09,633.58,516.52,963.42,803.08,198.67,336.3,642.89,332.02,537.46,293.25,37.016,323.32,374.45,382.42,contraction
0.0,35554.0,32533.0,31945.0,21606.0,12281.0,9281.1,1063.0,2223.4,1604.3,1789.5,1739.1,1231.3,1034.4,1505.1,1493.3,746.46,1749.9,2061.7,1442.4,1021.0,650.91,365.47,1129.7,459.17,433.55,845.32,745.74,823.19,803.44,1464.0,34.559,398.48,874.04,536.76,495.64,684.07,567.35,245.42,398.13,487.34,1054.1,290.83,178.41,688.21,229.01,672.09,13.955,247.31,694.78,702.46,435.28,432.96,679.36,354.74,530.21,409.36,88.822,511.98,80.678,222.0,267.47,691.08,1086.5,288.96,239.8,398.92,222.44,169.7,211.22,335.28,475.03,183.62,369.19,739.36,361.97,340.45,468.9,178.77,406.24,446.65,515.6,167.88,223.52,311.36,317.2,399.59,591.39,269.11,381.81,255.87,97.931,144.74,756.7,278.86,477.47,405.39,387.46,189.47,454.34,137.65,327.03,211.48,360.66,335.87,631.04,233.78,497.63,86.349,401.25,90.575,256.28,542.3,175.73,216.72,391.47,245.59,181.66,163.47,528.01,118.03,247.95,306.1,159.57,176.88,438.11,137.19,388.6,427.9,380.95,230.17,755.94,127.37,269.84,199.73,396.49,575.23,379.8,353.0,271.29,453.62,203.86,197.89,251.58,515.98,728.56,89.501,361.82,269.65,789.07,345.42,554.7,429.75,591.38,144.98,268.41,496.3,456.51,343.31,246.81,150.85,196.18,278.45,278.74,370.14,492.29,221.51,396.04,190.07,548.93,276.84,305.08,489.69,632.98,698.88,429.28,510.11,685.04,406.87,340.2,440.22,424.51,410.97,418.73,210.88,306.49,622.87,114.2,102.93,83.08,206.92,646.8,267.93,123.93,373.42,332.36,571.88,407.6,326.46,407.75,558.33,290.17,253.6,327.94,92.32,363.62,278.28,453.21,51.669,169.06,158.88,182.78,96.303,69.049,145.05,136.9,51.19,329.14,143.26,32.678,424.51,467.14,107.56,171.67,160.04,130.01,250.91,144.61,175.01,190.35,292.75,134.58,98.992,198.75,380.62,175.45,81.78,134.04,170.23,13.669,270.8,167.91,184.37,108.07,94.783,205.33,101.19,152.13,264.16,226.37,rest
0.0,4817.8,10905.0,11173.0,9964.0,7635.0,6463.3,6053.1,2887.4,3758.9,804.18,589.02,546.78,1165.3,1055.6,274.12,909.28,693.0,1151.1,1339.1,511.7,661.0,852.84,908.93,439.88,167.0,764.18,547.84,366.31,412.09,478.89,658.43,955.93,904.79,567.69,234.44,316.54,794.77,56.384,45.886,349.13,672.29,471.18,442.15,228.93,442.92,492.31,16.846,403.54,272.1,485.15,483.92,494.76,805.38,875.43,407.89,532.42,196.8,391.1,392.77,329.73,221.02,147.46,603.29,340.59,115.44,153.0,301.95,213.12,460.92,490.36,336.7,176.36,395.22,434.06,560.27,553.42,159.38,320.23,486.74,138.55,822.13,330.97,772.77,343.82,359.37,277.12,146.75,276.27,60.28,520.29,563.98,542.13,391.72,162.53,620.01,432.44,192.19,223.65,289.61,165.03,379.52,567.72,140.1,238.36,247.04,226.0,204.22,512.43,476.52,536.28,33.331,218.61,89.532,260.42,139.19,277.06,174.34,517.58,178.88,330.43,835.61,362.14,206.33,466.06,225.34,592.38,144.98,132.54,526.48,255.55,377.47,756.65,91.643,441.4,326.13,309.11,641.91,102.74,433.83,242.56,162.11,207.39,248.05,312.85,420.06,405.96,78.386,254.45,425.96,89.082,616.92,231.64,174.25,511.25,292.32,73.337,213.23,125.15,349.44,442.82,267.77,383.12,459.59,137.87,199.75,168.36,294.55,366.75,46.322,90.088,520.33,246.38,672.49,455.37,573.65,577.87,181.96,321.2,53.504,110.8,431.98,257.24,35.345,43.179,121.66,398.7,566.18,335.33,413.05,228.55,209.8,125.71,234.18,163.21,410.89,42.003,597.12,205.13,432.41,4.4882,416.96,281.06,425.26,355.0,193.81,502.96,396.39,402.93,41.94,128.33,85.633,169.08,99.004,376.56,177.29,131.27,151.11,176.25,253.08,313.65,132.32,324.11,12.153,94.213,52.204,85.264,146.56,94.89,207.02,225.45,203.21,103.7,92.765,44.976,200.42,131.01,57.897,26.045,173.27,13.855,44.211,97.517,178.8,76.56,88.713,55.74,57.419,92.805,53.633,rest
0.0,47229.0,40792.0,26738.0,10867.0,6072.6,10237.0,7697.3,3011.6,2981.8,2420.2,1251.2,259.83,1339.8,809.5,1061.1,889.45,444.15,520.41,373.32,1194.7,500.46,224.16,572.53,381.51,570.06,503.6,809.97,692.5,874.0,771.88,443.89,458.76,621.12,109.78,443.01,785.22,196.49,254.47,262.94,204.95,155.84,146.46,189.47,116.96,462.25,445.44,199.41,240.34,180.74,314.89,100.09,280.08,98.785,233.48,117.37,25.667,121.9,193.29,235.61,51.542,129.31,255.59,166.5,104.16,94.595,192.52,82.315,236.5,202.71,49.703,217.35,240.52,106.38,260.14,33.726,291.36,51.283,192.37,209.82,160.21,72.262,50.678,110.69,13.916,192.77,237.98,58.539,150.85,203.52,157.95,120.4,29.998,55.666,163.34,109.16,59.962,86.538,91.031,109.57,198.01,208.61,85.789,80.482,130.21,33.492,124.49,140.14,122.93,45.318,56.568,210.94,67.029,93.48,68.997,48.763,59.256,18.706,152.89,73.299,87.725,62.714,177.81,39.289,32.947,84.22,64.251,68.202,157.15,41.041,68.555,102.77,137.21,77.436,103.08,80.044,67.267,183.7,127.16,58.757,80.954,65.823,32.957,38.765,91.161,64.961,176.12,189.34,53.503,66.164,52.08,47.048,116.61,60.54,92.701,33.126,105.77,52.861,77.266,152.52,107.36,75.412,170.97,40.934,66.11,98.534,60.82,96.273,45.167,32.0,113.91,51.761,75.722,153.69,27.169,63.401,157.6,11.236,118.03,50.191,14.864,115.48,124.69,72.487,14.61,95.645,108.32,37.463,71.655,42.564,134.17,50.813,54.354,114.32,27.492,72.144,67.154,109.89,101.78,154.79,50.895,34.284,92.402,72.319,154.48,121.55,77.398,44.097,37.271,44.656,106.75,89.051,97.829,40.57,69.219,54.684,32.969,56.533,30.71,26.859,31.829,69.393,16.998,79.635,60.685,49.752,95.473,42.209,32.743,31.371,11.684,21.374,22.605,69.192,32.265,40.511,27.48,7.6946,24.414,32.987,19.295,37.04,30.354,33.252,26.654,11.056,40.43,26.696,32.657,28.717,rest
0.0,20303.0,39535.0,27678.0,13804.0,6950.3,10916.0,2148.2,2815.7,2272.2,1414.5,3036.7,2925.7,1883.6,798.48,618.14,1717.6,2035.5,892.58,1205.1,504.59,590.39,893.31,1222.1,887.88,1331.5,503.95,675.37,671.01,1071.1,692.92,860.95,1034.5,475.37,332.62,252.08,855.46,579.29,734.58,627.19,275.92,634.01,764.11,276.17,267.03,641.6,649.4,376.58,223.6,312.65,428.33,488.55,389.72,386.27,344.07,167.46,410.67,349.64,375.66,428.35,242.46,410.65,267.2,272.04,367.54,248.52,264.02,156.56,262.13,196.25,161.54,166.93,149.37,317.9,214.96,243.28,303.67,343.83,213.53,205.94,151.26,274.69,243.03,246.22,182.75,77.959,200.0,310.11,284.94,245.25,166.13,202.26,335.67,257.29,69.016,148.07,381.68,250.22,192.47,130.43,179.67,140.1,250.26,200.89,133.78,281.12,77.767,309.69,197.77,228.06,150.25,156.66,213.53,181.4,67.676,138.46,280.96,120.27,284.45,244.14,132.71,204.33,138.8,201.32,112.67,223.81,198.49,205.23,245.9,22.594,241.51,270.13,99.482,213.56,105.82,140.48,262.77,91.624,123.47,174.12,124.35,295.83,190.6,116.4,202.47,176.39,58.949,148.16,79.426,238.78,76.524,147.58,162.21,108.63,221.82,91.599,223.68,77.401,253.59,70.597,144.36,254.54,130.87,125.47,141.55,184.62,92.038,80.02,257.54,172.95,173.72,84.557,187.79,107.81,171.02,85.532,226.22,150.46,134.84,117.19,165.23,137.8,146.27,127.18,168.93,115.9,59.297,218.16,161.67,136.32,115.17,140.28,145.76,89.335,77.102,149.71,187.92,101.87,95.077,108.6,37.487,58.342,93.41,77.668,75.041,108.48,138.92,179.04,131.18,76.12,38.843,81.936,75.154,135.79,43.12,115.12,180.23,55.334,41.923,140.41,88.667,194.14,124.92,174.14,66.924,135.95,100.74,51.993,83.127,60.222,90.12,38.839,104.67,96.966,83.397,113.13,109.92,34.749,47.284,88.484,56.04,96.193,93.459,67.046,115.53,92.722,84.834,82.676,80.938,79.859,rest
0.0,16293.0,22771.0,6835.5,6490.7,7764.7,8522.9,3418.6,2711.7,4245.8,1835.7,2618.9,1651.9,588.62,702.62,1710.6,1975.8,881.55,887.0,775.25,910.33,669.04,388.34,376.86,767.92,537.4,341.95,498.07,379.36,1098.1,713.95,811.97,508.32,331.05,433.05,531.78,92.925,147.14,655.23,698.88,630.74,457.27,112.97,198.44,146.94,392.78,639.46,559.82,360.87,421.05,172.31,246.77,452.97,100.51,341.24,455.35,99.129,96.686,275.95,156.19,311.69,162.3,392.6,53.166,193.01,220.67,103.97,112.45,143.22,284.01,248.31,280.18,303.36,78.472,59.739,110.7,190.97,213.26,393.04,95.635,232.76,192.96,234.45,327.81,125.38,159.07,169.77,151.24,127.63,153.37,308.37,168.12,113.71,229.36,157.59,212.65,61.697,229.01,54.561,131.27,158.62,245.85,195.06,126.63,115.69,132.06,128.06,77.472,240.17,269.54,28.857,169.49,114.27,158.26,93.057,146.25,128.9,207.91,71.378,70.828,84.022,97.401,223.31,250.66,209.83,98.919,239.34,42.26,122.09,133.6,82.06,12.985,241.27,66.284,59.007,94.696,19.442,54.592,14.991,162.48,178.22,232.24,121.53,56.513,51.054,131.53,212.64,129.11,82.31,215.82,15.626,83.119,85.924,48.121,118.5,138.57,86.258,102.24,137.47,153.15,97.838,94.249,84.372,52.54,109.27,130.73,21.667,199.69,87.16,136.94,252.35,137.55,117.62,113.12,109.54,77.655,37.999,99.316,13.077,78.269,65.867,77.461,78.908,127.75,81.551,99.705,148.78,104.14,73.807,93.907,116.34,113.61,63.903,219.31,42.334,133.7,105.35,140.9,26.794,36.747,71.767,121.58,122.72,82.833,93.58,10.705,34.941,92.489,16.263,59.701,26.756,96.839,62.234,75.352,28.717,54.188,44.715,82.656,52.656,87.74,110.42,36.044,63.493,58.669,87.009,90.634,91.943,56.631,52.406,66.201,52.527,54.862,119.87,75.88,83.976,102.59,24.506,33.377,40.663,45.852,46.274,68.286,70.777,35.392,61.545,56.968,75.567,54.699,53.141,16.27,rest
0.0,65274.0,87476.0,48731.0,13186.0,18673.0,14906.0,13958.0,3704.3,5051.4,4347.6,2867.9,3102.4,1424.1,2153.7,404.14,1607.6,448.05,1752.8,838.3,481.26,1553.2,764.42,1001.0,294.71,642.97,556.84,795.95,343.34,165.28,344.8,474.06,473.11,824.15,100.67,287.35,662.74,264.17,90.702,405.13,273.91,240.47,355.52,363.77,469.48,206.08,398.4,190.32,423.57,186.65,240.94,230.62,143.08,327.89,125.56,230.19,29.978,393.95,201.39,368.01,476.79,332.59,204.14,173.75,307.14,57.09,406.17,160.18,340.53,197.93,380.81,58.182,318.67,342.87,131.16,269.11,221.33,100.68,57.154,60.005,125.62,207.0,190.04,133.52,95.292,217.41,115.68,307.9,208.47,49.411,240.39,161.61,264.52,162.92,164.68,84.495,81.721,199.86,310.57,185.19,159.21,102.37,185.1,296.11,95.172,224.15,140.56,235.39,123.93,278.81,328.57,197.3,191.71,190.4,89.505,220.1,108.21,127.65,110.25,211.34,160.85,122.08,112.99,131.21,292.52,97.863,63.075,74.019,176.53,100.04,223.68,170.84,123.86,53.706,95.115,256.12,109.5,164.29,98.652,162.83,110.87,142.82,21.991,188.99,138.5,115.49,180.34,226.38,308.87,102.0,204.67,46.389,172.21,89.386,211.25,25.656,109.79,127.42,47.085,78.968,45.234,52.153,55.151,62.628,138.56,95.812,41.322,54.806,54.948,117.86,150.7,68.651,69.527,38.24,108.77,136.17,91.938,64.001,74.246,85.035,149.57,97.814,76.469,150.78,79.326,63.01,69.702,84.292,65.717,129.29,49.804,52.184,90.186,141.37,83.309,61.885,94.445,83.678,63.582,109.91,59.258,96.007,84.411,96.985,52.341,37.307,47.945,45.668,35.647,35.599,104.49,52.469,90.698,35.103,67.223,62.14,94.886,139.64,99.262,46.884,47.616,86.61,156.11,44.361,14.175,55.322,2.9191,30.717,70.67,37.327,66.369,44.269,70.06,33.344,65.682,61.325,33.886,39.731,56.161,56.11,33.814,36.766,53.873,44.74,28.25,42.682,20.664,45.059,28.641,48.555,rest
0.0,11634.0,66097.0,72830.0,40148.0,27946.0,5535.0,12371.0,7857.6,2212.8,3201.1,4990.9,3073.5,3380.4,2118.1,2974.1,2622.2,2061.2,2115.4,2182.3,1513.6,1859.3,1965.9,2020.3,2316.7,1462.9,1748.7,1806.6,1087.1,1852.4,1023.2,1479.8,1235.4,1270.6,1227.9,1942.2,601.44,1201.9,1213.7,1061.0,489.82,1011.4,1071.5,938.72,1213.4,829.74,812.55,1158.5,728.07,849.82,636.86,1037.5,798.18,879.83,788.05,756.26,716.47,564.09,774.63,867.96,542.24,971.41,919.19,894.58,522.14,808.68,702.69,549.22,457.84,767.62,688.44,589.55,503.25,510.82,487.51,461.82,632.69,650.89,445.67,436.2,637.27,351.14,721.85,362.03,501.32,731.73,603.54,481.68,502.24,497.82,525.99,521.16,538.19,472.15,455.42,506.96,536.55,476.86,402.36,487.4,661.94,485.66,346.59,487.42,355.53,397.6,256.23,502.26,372.09,412.43,327.89,508.38,422.28,299.23,383.66,307.41,435.84,348.83,438.79,467.51,322.56,398.34,361.78,366.04,440.55,577.38,194.65,337.77,288.65,180.32,386.76,402.73,412.0,209.52,325.33,371.44,232.08,255.25,173.59,335.45,298.2,210.15,256.61,201.78,288.82,286.55,287.58,224.21,320.84,154.4,298.32,260.76,343.59,84.245,344.53,245.06,291.79,255.21,323.74,213.87,253.48,206.52,320.81,184.91,274.07,234.52,340.61,256.68,351.88,260.12,152.09,253.86,320.13,342.57,264.04,117.35,246.29,242.06,286.24,260.47,150.05,237.83,255.63,278.17,149.44,354.36,290.62,208.88,250.88,366.55,36.721,236.91,280.2,379.92,103.0,234.51,247.85,299.63,220.59,159.51,306.03,227.93,214.11,278.86,288.44,165.16,160.95,114.51,242.79,175.21,317.03,243.0,271.1,250.53,206.0,318.09,232.04,217.64,207.0,187.17,226.93,270.1,178.9,161.83,224.81,250.17,167.62,217.33,193.63,198.68,176.54,153.7,210.26,184.64,182.66,208.86,250.84,173.09,181.59,209.33,180.77,210.52,199.52,195.58,198.7,224.97,184.91,183.59,193.61,174.11,rest
0.0,22586.0,7163.4,22732.0,8119.6,5297.2,8701.2,5575.4,6121.1,5437.7,2730.1,4707.4,3313.3,1891.1,3076.5,2916.0,2614.8,2191.1,2102.6,2214.9,1915.2,1720.2,925.47,1077.4,1492.1,1155.5,1446.8,1094.4,1422.8,943.14,946.64,976.65,461.39,870.73,933.22,1323.4,1185.4,934.64,963.15,712.28,753.9,833.93,728.0,782.74,821.75,762.34,760.41,476.03,761.99,703.37,672.03,964.27,780.64,422.27,428.53,387.4,483.69,636.44,443.87,554.72,421.87,518.1,407.64,567.46,412.23,582.89,461.3,545.54,572.34,367.83,370.1,556.0,463.91,466.64,411.83,271.62,368.53,211.31,377.31,511.92,439.17,345.12,497.33,373.66,445.09,415.49,243.49,384.38,327.36,448.72,309.47,471.28,330.04,317.6,485.76,354.28,390.48,310.91,335.35,264.77,245.92,317.91,421.88,288.0,219.63,122.21,360.01,409.33,321.53,323.72,374.69,276.73,157.46,151.61,302.94,299.84,365.45,323.25,317.97,265.4,245.28,428.5,250.06,329.76,353.46,342.84,338.12,142.8,371.86,236.06,294.4,298.23,302.27,251.87,237.08,198.27,303.0,175.11,224.72,260.08,201.37,269.12,238.09,111.93,211.24,150.32,259.89,285.84,257.14,91.543,275.79,268.19,239.67,261.1,301.05,180.46,329.81,147.4,189.18,267.12,264.35,183.16,286.52,164.66,119.18,119.73,334.63,139.85,206.75,217.0,223.09,141.7,276.83,214.12,214.49,134.94,154.87,321.89,182.72,164.26,99.347,237.11,105.36,152.84,223.27,192.88,170.42,204.6,139.35,164.22,181.25,161.33,127.49,209.68,162.75,112.03,150.98,127.69,224.76,125.86,187.82,272.64,220.37,138.79,241.12,226.82,196.97,182.01,210.58,183.4,121.75,173.67,220.65,118.75,149.51,119.05,86.675,106.05,118.78,171.11,202.04,126.84,96.885,124.97,158.55,208.74,151.83,199.97,154.17,192.91,181.06,169.83,123.9,132.36,133.89,122.12,138.85,181.16,124.67,156.2,144.22,112.21,97.915,120.17,110.1,104.26,119.05,136.99,138.6,114.87,rest
0.0,55695.0,67617.0,48264.0,22405.0,11991.0,2157.5,4783.6,6429.9,2519.6,4898.4,1678.3,2273.4,2199.2,2256.8,1873.8,875.62,295.57,494.07,847.96,768.86,317.37,152.14,316.63,420.65,503.48,193.82,515.09,579.67,390.72,153.25,487.09,493.41,367.01,188.18,571.49,341.4,325.98,605.96,245.3,232.55,216.66,411.19,409.28,298.96,200.34,376.82,605.57,96.997,132.26,457.89,330.02,255.51,169.26,341.99,328.86,231.7,81.37,177.31,247.84,308.52,388.03,112.98,176.48,167.07,315.68,309.63,114.36,177.07,290.72,98.01,98.119,359.96,32.741,27.554,319.21,162.03,43.0,119.04,134.83,345.08,183.03,68.365,76.417,193.03,81.325,75.522,229.44,21.627,92.85,55.108,175.19,222.01,131.57,195.74,160.45,47.189,91.376,253.5,182.98,94.918,37.413,283.84,145.24,31.159,70.045,124.95,43.612,71.372,124.13,12.376,132.3,109.68,78.875,144.3,162.21,48.248,135.31,218.0,34.244,48.136,150.5,21.664,74.652,139.03,133.34,131.97,178.13,123.44,173.87,24.689,104.22,180.71,53.444,182.68,176.45,266.62,43.663,185.99,75.221,77.657,96.497,198.92,76.855,44.474,85.836,84.978,131.19,208.95,103.68,33.194,120.8,166.04,19.193,127.96,238.93,53.871,110.64,97.853,57.378,173.74,24.47,56.316,103.95,147.98,191.31,75.44,86.031,105.19,127.31,63.125,89.192,62.202,142.94,68.887,136.56,72.668,41.227,46.451,31.825,129.01,122.57,10.664,86.783,134.78,75.413,51.283,23.829,98.15,72.199,53.211,70.376,204.38,121.69,54.328,33.221,102.23,73.68,114.31,74.173,132.43,184.63,104.32,33.386,48.115,67.446,105.31,67.865,23.691,74.869,66.712,57.882,49.652,158.88,87.28,33.923,70.785,10.245,50.534,22.346,40.937,105.92,71.173,59.016,56.613,65.223,9.2283,50.221,40.783,86.163,46.951,59.506,85.119,38.83,11.553,97.263,28.159,23.216,27.677,64.955,47.521,24.61,11.536,20.886,13.126,50.828,5.0644,40.152,34.403,30.383,rest
0.0,1664.0,2216.3,3776.5,3230.1,2212.3,3766.6,3610.0,3691.9,2087.9,3966.9,1512.4,3168.4,1394.7,2070.4,1469.2,1208.8,189.13,1499.8,1526.0,1756.4,1019.3,1574.0,844.05,1199.2,576.98,651.85,515.37,142.51,652.39,823.75,560.42,662.25,475.99,294.16,306.86,277.59,170.7,459.83,357.5,356.3,665.42,282.66,54.818,455.36,305.77,306.43,243.45,349.26,199.79,241.36,281.62,230.97,519.18,274.49,484.88,353.94,290.0,78.911,507.15,323.65,470.13,237.79,290.41,304.75,308.05,149.2,307.89,385.36,215.94,34.965,306.15,266.02,177.22,196.1,73.679,41.106,317.25,170.67,284.31,65.333,200.53,124.46,315.51,304.15,381.12,207.23,267.79,124.32,189.64,100.89,184.03,244.33,327.43,193.81,62.698,20.542,224.2,99.483,126.06,27.206,192.63,173.24,199.0,156.08,237.15,72.87,150.92,217.54,118.78,106.72,351.3,33.545,258.28,219.96,138.71,185.29,152.79,97.271,53.219,27.015,148.05,190.67,94.943,83.133,207.47,93.169,88.264,66.911,145.84,53.598,112.72,34.842,156.94,148.22,189.14,117.43,157.52,197.02,48.777,145.01,147.46,138.65,92.869,121.28,199.81,75.442,33.427,117.26,32.964,107.58,224.98,112.05,100.01,140.7,116.34,163.53,61.279,213.77,86.011,48.78,32.367,145.55,114.36,52.768,60.022,91.082,93.123,147.95,113.15,10.138,181.2,181.53,96.71,85.711,75.997,214.05,130.41,28.989,124.25,91.839,37.957,163.85,131.63,43.103,30.189,59.24,111.72,97.884,143.88,38.741,40.443,179.5,130.22,113.16,21.702,73.101,135.25,23.335,85.411,98.12,133.01,92.967,70.058,113.62,90.227,90.45,40.109,34.824,67.73,95.072,16.456,117.62,73.34,99.291,76.782,103.06,59.235,75.076,86.906,113.33,97.2,69.629,61.652,90.564,75.38,42.125,42.858,65.11,81.089,84.849,83.613,55.251,91.612,66.953,53.551,60.192,54.037,10.831,47.285,63.474,47.515,40.623,67.838,73.132,52.586,62.003,52.137,54.12,44.98,rest
0.0,16521.0,15417.0,12600.0,9802.2,6408.4,3354.6,5121.3,6517.2,4518.9,2409.0,2570.5,1246.4,1987.2,2822.7,1997.2,379.08,864.45,471.74,1593.5,1342.6,444.27,682.28,743.95,682.96,1003.6,199.96,245.21,671.3,265.56,388.51,425.01,596.68,659.92,166.62,709.04,599.56,207.28,733.25,152.91,495.63,1036.7,581.84,551.63,680.51,102.17,230.12,194.97,420.18,796.97,369.99,136.17,364.75,32.578,212.46,79.333,337.8,252.62,468.91,356.06,232.12,383.44,23.942,216.06,421.25,272.75,216.97,245.31,30.432,236.48,344.5,230.8,228.92,381.72,284.09,207.8,388.28,268.3,404.27,325.35,212.88,289.27,202.19,239.85,224.42,83.747,142.92,89.869,128.78,42.958,220.91,157.27,188.67,251.35,203.31,68.279,37.278,243.55,107.39,159.77,346.78,189.15,259.12,95.315,52.888,130.87,194.97,47.552,151.55,270.62,209.54,78.262,179.61,75.36,160.59,246.56,302.53,80.623,134.67,340.25,231.68,97.48,91.308,98.744,57.365,106.49,84.282,172.42,226.93,200.02,139.17,194.09,223.97,105.76,261.63,210.72,213.65,135.14,204.44,188.97,151.74,235.73,250.71,92.133,98.442,47.643,213.15,196.89,261.41,171.57,250.0,98.549,115.98,131.07,56.288,34.028,51.775,169.32,235.97,159.43,211.39,146.01,109.64,208.76,46.921,71.925,73.003,36.088,135.18,105.96,110.16,96.303,24.456,172.5,157.83,90.389,84.173,19.779,116.61,57.981,126.92,170.7,123.12,196.61,107.8,64.85,193.53,62.16,74.335,148.89,48.225,131.1,137.98,151.18,48.607,10.656,17.227,132.26,92.81,128.03,76.857,150.42,192.32,18.993,76.692,34.263,87.017,109.73,61.664,125.8,40.668,49.675,107.73,81.629,53.304,212.09,105.59,46.541,81.238,39.441,128.0,104.98,40.109,29.591,81.38,67.826,63.426,68.803,66.712,43.117,83.565,26.94,81.828,64.262,27.784,32.896,78.273,81.707,60.82,66.106,57.834,46.013,77.654,36.006,63.698,55.214,51.437,64.911,76.536,51.677,rest
0.0,28243.0,34639.0,17398.0,8436.0,6833.9,4241.6,3781.2,1331.4,842.89,821.91,771.2,1197.2,1001.8,448.01,475.13,593.95,403.91,980.98,270.7,132.83,909.41,336.79,236.72,894.4,828.07,306.43,636.21,612.51,675.68,654.03,294.65,159.12,1123.7,80.463,293.21,180.03,436.26,503.42,514.35,689.7,305.19,341.08,358.37,84.051,750.96,263.38,209.55,250.46,177.22,634.79,283.5,140.06,623.97,154.03,452.15,369.68,171.35,377.43,519.08,457.52,390.87,130.83,467.02,427.06,89.297,334.78,234.95,352.86,311.85,587.71,394.87,311.83,222.12,415.83,214.7,82.862,158.9,174.92,95.534,412.82,364.48,463.04,243.21,78.67,338.01,405.97,256.25,433.96,718.85,95.609,584.36,644.42,397.77,376.07,126.62,260.8,192.08,287.63,177.64,63.878,462.06,866.3,334.46,378.69,370.04,180.19,312.96,738.7,109.85,196.04,290.72,368.9,459.78,645.09,497.77,358.24,439.41,524.02,301.39,250.34,74.811,89.039,484.39,595.66,476.1,359.75,199.89,531.35,295.05,670.7,132.49,298.79,367.52,329.02,240.3,162.23,123.44,309.16,542.1,303.62,631.93,158.87,314.17,151.71,479.76,371.55,261.52,75.174,427.65,346.11,128.19,307.15,181.11,372.43,567.99,199.92,302.59,240.22,199.35,104.25,345.26,123.78,549.66,641.16,149.07,263.24,266.72,119.28,186.67,315.64,642.41,401.02,406.17,369.82,347.28,501.25,328.59,166.5,511.34,247.59,82.221,357.28,274.88,413.27,692.71,485.4,332.66,87.211,389.99,692.66,503.15,151.33,405.17,195.74,185.22,314.57,352.68,184.86,257.2,185.51,199.56,235.89,432.29,111.91,297.79,253.7,296.54,149.88,292.37,361.65,207.11,187.06,274.44,118.64,224.4,68.944,369.03,345.0,41.652,121.99,321.64,114.5,45.365,36.501,105.76,22.211,48.14,169.43,159.91,123.89,190.65,242.75,25.45,76.082,154.01,96.281,61.201,151.6,111.11,124.94,14.749,73.937,93.64,15.948,34.536,101.23,73.395,77.725,103.7,rest
0.0,15307.0,15249.0,12606.0,16126.0,9398.7,3821.6,2946.2,3363.0,3522.0,4480.9,2644.0,330.75,1923.7,3171.0,1971.2,249.54,1287.8,332.3,1169.9,534.53,1001.5,500.15,290.24,765.51,1405.3,539.77,691.5,360.03,465.76,580.67,321.16,181.03,577.31,260.43,379.6,194.88,381.04,806.66,357.16,93.848,408.03,425.66,450.67,157.2,328.21,400.5,354.27,266.14,205.86,391.7,688.66,617.93,399.37,272.57,402.03,440.44,241.54,246.4,366.2,179.82,184.92,328.88,267.54,167.86,248.76,257.39,353.15,253.75,221.21,164.12,247.48,122.37,277.38,200.03,347.77,175.51,251.3,139.25,208.54,220.77,135.72,124.43,167.42,321.67,369.21,221.02,196.76,302.55,135.7,115.04,72.315,147.74,139.08,182.83,55.2,72.335,90.727,158.59,107.18,26.347,147.54,189.68,50.536,100.92,209.68,198.78,76.401,90.659,184.14,127.63,207.78,220.92,83.774,57.699,107.42,131.18,96.892,196.75,253.8,205.93,172.07,101.38,173.22,166.85,136.57,157.05,131.9,76.739,143.73,149.62,156.03,111.5,41.747,91.631,139.47,219.27,181.5,50.338,168.99,94.79,194.85,54.049,52.874,173.67,82.719,252.59,158.05,75.877,138.73,49.21,53.711,262.4,130.53,123.38,57.414,156.75,180.37,53.707,135.92,142.26,153.91,132.1,41.158,115.64,159.28,83.989,210.17,261.62,63.917,177.28,103.18,73.814,176.48,154.71,204.01,129.47,107.94,198.07,61.633,76.443,62.999,106.29,137.75,46.042,67.91,138.61,48.193,111.28,161.92,104.9,117.55,88.043,131.43,154.96,82.507,83.468,67.381,49.222,105.92,95.687,42.417,144.3,83.967,30.015,60.537,88.405,150.51,52.341,24.989,108.81,108.5,25.855,86.037,30.165,120.86,75.209,27.797,49.006,83.688,136.47,69.794,46.28,93.918,55.184,54.35,51.177,69.986,52.694,18.324,82.319,84.165,87.857,72.046,91.872,72.988,44.342,74.716,30.825,64.464,48.261,62.232,66.357,53.767,57.203,66.855,55.273,60.18,45.306,65.511,rest
0.0,37722.0,33819.0,42443.0,45020.0,39388.0,28333.0,21682.0,14963.0,11477.0,8539.6,7330.0,4106.2,4402.8,4865.0,3378.8,4108.8,4107.9,3631.3,3417.0,2563.3,1880.3,810.96,601.16,616.4,860.75,1256.6,1609.4,2133.1,1172.0,906.79,366.34,518.26,241.08,309.68,429.9,1362.4,519.73,113.57,582.04,429.61,309.65,868.78,898.6,1302.9,950.83,739.89,498.32,887.85,290.98,417.99,742.89,274.99,610.07,285.88,219.03,371.79,275.69,258.92,495.38,549.21,166.24,210.68,225.09,748.28,219.28,480.71,593.77,565.21,737.71,511.84,1140.6,757.09,369.5,856.81,651.68,141.43,613.05,429.75,649.18,263.35,623.43,502.28,692.79,95.075,396.55,766.34,75.256,538.42,337.82,353.83,594.38,425.65,295.01,290.02,186.78,543.76,163.44,246.1,444.06,202.59,696.96,791.99,165.6,122.65,116.39,644.11,238.69,133.52,121.56,672.4,308.51,372.79,341.69,48.104,433.68,297.83,603.76,185.55,474.95,377.06,438.04,496.18,422.66,185.29,498.3,208.82,507.01,457.07,272.47,46.776,593.19,252.16,209.15,573.52,624.16,191.92,990.23,618.24,120.86,472.73,130.96,95.862,263.99,361.8,339.41,216.4,385.46,276.37,472.11,319.43,313.85,192.49,408.68,512.73,142.72,146.04,359.18,128.29,686.07,51.728,168.26,694.28,423.35,271.16,301.71,410.63,249.43,344.2,626.67,242.06,290.38,253.49,156.73,226.52,690.12,442.86,96.873,434.15,318.24,430.86,481.26,402.51,330.14,168.81,275.09,374.57,105.87,298.35,70.906,345.59,128.17,119.91,282.43,282.89,309.82,673.69,257.45,119.2,213.07,227.34,413.45,349.49,373.27,90.279,63.008,143.14,66.965,296.84,196.43,278.26,189.94,251.93,468.8,234.94,101.79,300.56,211.38,80.322,490.22,413.71,416.2,211.42,237.72,210.58,227.65,111.18,252.85,91.157,254.43,77.445,215.37,100.5,66.396,271.78,140.77,168.59,135.92,118.76,265.8,69.768,101.92,178.76,72.697,165.06,82.897,135.77,169.18,124.0,187.49,rest
0.0,51534.0,55861.0,69587.0,33984.0,40653.0,30235.0,20532.0,6310.5,7569.6,7798.6,6223.7,8936.4,4547.8,2298.0,3983.8,5143.0,2707.7,1069.7,516.55,1683.4,3159.5,2738.0,1558.6,1327.3,1379.1,651.62,1611.0,1661.6,1581.5,1277.8,750.0,650.51,873.65,1247.9,1390.7,990.61,961.31,1336.5,713.36,695.88,714.61,702.02,865.23,1007.3,975.62,911.07,674.62,542.44,797.6,1285.9,547.16,691.85,599.0,663.87,257.93,204.61,397.89,668.18,849.77,888.7,325.51,724.19,914.52,712.39,704.03,549.68,221.05,412.8,609.29,697.85,801.64,440.02,391.59,470.28,558.1,750.28,679.55,330.88,361.11,480.08,637.12,697.3,442.56,217.06,370.93,551.58,207.01,316.78,349.34,677.06,203.23,522.34,516.7,364.53,124.06,181.16,275.67,247.22,612.32,169.26,155.02,397.3,368.1,638.58,832.28,393.87,237.14,1022.9,473.95,792.39,307.64,126.03,857.36,276.69,639.32,48.609,809.05,357.61,747.89,592.17,704.86,341.11,98.905,276.11,363.83,361.19,314.88,635.02,672.13,424.0,275.43,36.545,175.7,619.77,479.19,380.62,188.07,239.7,183.96,501.08,480.79,585.24,214.96,382.34,449.91,107.04,475.72,502.59,392.27,316.79,297.48,493.66,360.29,342.92,510.61,529.5,146.84,291.49,311.0,309.7,191.12,191.83,165.34,502.86,674.53,37.957,289.84,509.65,220.29,336.49,76.096,324.59,419.2,306.75,215.77,140.22,304.71,487.42,137.63,712.76,357.03,285.69,356.49,67.116,794.67,189.8,450.13,286.21,433.23,457.41,79.832,1020.8,616.66,218.88,369.37,136.0,357.3,363.65,94.435,621.49,360.89,208.65,284.26,169.3,558.76,259.93,349.37,578.0,214.13,171.53,364.25,340.9,385.98,217.52,205.55,498.57,395.85,484.42,155.49,321.51,244.23,266.24,253.15,182.04,192.75,269.7,327.72,136.55,190.85,304.82,136.87,43.834,376.8,47.474,144.13,75.026,170.41,80.975,237.57,261.85,157.66,212.55,130.29,310.67,432.87,197.54,150.7,207.6,104.86,rest
0.0,46791.0,47329.0,25937.0,16099.0,21942.0,23069.0,18641.0,9887.4,2216.4,4727.9,7300.6,3712.6,1162.0,252.79,1490.2,1442.2,1379.4,250.99,330.75,874.21,1287.2,184.97,368.23,790.79,1181.9,527.68,547.5,641.69,726.97,324.96,595.61,311.67,867.13,128.36,271.08,342.87,501.92,399.02,302.34,412.85,84.955,143.33,279.47,826.07,125.44,509.19,259.35,410.8,618.04,183.81,210.42,394.39,142.59,502.13,150.49,115.72,42.659,310.0,85.778,179.4,545.5,462.19,324.55,364.18,332.03,104.1,397.89,341.0,479.28,562.23,363.71,451.85,135.59,399.57,177.02,408.21,238.27,583.78,291.83,367.04,382.73,540.89,250.3,672.52,255.96,440.64,301.77,264.93,221.85,249.48,378.56,270.36,359.82,210.42,183.78,469.82,129.93,165.13,228.13,323.79,233.33,552.18,244.88,254.85,266.2,387.33,206.3,225.74,63.917,490.01,229.36,36.832,566.2,295.1,186.37,524.98,32.885,353.7,509.47,339.54,207.06,395.46,309.04,522.1,189.96,308.98,406.8,22.349,102.4,339.8,265.74,65.517,258.99,542.32,85.951,222.09,107.65,591.9,129.03,762.35,225.54,312.25,71.683,395.56,332.1,292.38,131.94,414.66,196.61,183.1,281.98,472.96,316.71,112.12,631.03,163.41,340.25,305.26,322.29,209.52,227.8,54.94,326.46,66.254,546.7,489.63,208.34,215.21,548.28,525.78,97.799,228.12,247.17,503.16,264.5,279.52,371.16,137.87,99.374,242.84,353.6,341.29,187.86,201.81,109.07,560.84,176.51,275.12,179.5,385.8,436.53,267.18,805.66,254.03,183.04,422.53,240.0,260.59,716.98,290.25,445.22,114.42,280.88,286.58,460.06,259.67,290.77,531.09,177.5,168.4,377.72,327.17,112.59,241.48,232.6,214.67,430.89,151.08,126.45,236.84,297.96,101.11,185.57,59.789,125.91,284.85,69.568,221.84,250.02,276.41,94.547,64.623,115.96,221.11,76.2,129.33,166.76,31.867,49.743,112.21,175.83,66.948,109.27,219.58,35.76,36.56,68.186,115.13,19.639,rest
0.0,16292.0,21873.0,14450.0,2065.9,3079.9,1295.0,4288.9,1695.8,651.23,301.58,624.03,1092.5,483.63,777.91,374.55,664.81,370.49,459.48,752.09,151.43,459.54,331.59,612.39,787.61,300.5,187.55,305.09,490.31,305.16,490.01,176.83,373.8,422.41,244.65,394.13,418.54,565.18,345.4,156.3,115.06,247.05,314.53,387.19,301.87,460.27,85.757,304.62,486.08,363.76,294.23,641.8,115.09,101.91,362.44,154.07,858.87,33.906,336.45,313.99,145.54,272.05,265.57,531.15,140.44,216.51,101.56,436.36,191.17,455.13,150.92,212.77,295.67,498.48,380.24,123.7,259.66,402.49,739.15,252.03,103.66,115.33,307.18,273.11,527.59,246.19,277.1,126.88,293.77,350.57,341.99,418.46,500.14,349.77,260.0,507.86,645.37,632.39,146.47,482.77,503.65,491.41,115.09,423.37,152.39,160.33,204.46,192.57,206.8,370.06,257.05,214.77,340.29,172.64,435.43,343.91,580.36,547.26,265.23,150.16,295.98,246.59,399.32,411.02,494.08,611.09,450.1,307.35,261.92,332.85,203.38,160.01,93.989,122.72,310.31,223.26,227.72,300.22,302.22,229.8,266.59,347.03,365.27,447.52,630.03,188.03,416.7,367.52,176.26,284.21,395.11,323.59,34.748,362.42,663.09,255.74,414.67,380.22,301.74,380.13,141.42,330.45,98.676,362.43,426.15,328.02,195.45,360.97,202.68,427.48,266.07,320.99,105.96,460.94,307.86,162.21,204.68,152.49,573.9,367.86,373.74,230.04,58.598,345.9,416.76,336.9,351.34,279.6,814.4,345.34,414.79,532.01,159.52,294.71,329.37,334.6,543.78,301.31,104.95,267.34,277.16,286.93,227.0,278.42,384.52,111.06,315.06,288.57,228.85,261.43,237.49,130.74,221.85,89.542,133.76,145.41,124.23,484.72,244.57,199.89,108.02,320.98,126.36,77.337,188.32,348.7,121.09,36.35,250.99,102.61,263.07,199.86,126.31,101.52,35.673,56.039,125.78,189.98,51.953,31.632,84.79,83.543,114.28,39.257,33.069,163.93,40.234,56.494,71.73,64.712,rest
0.0,24846.0,18317.0,13747.0,12287.0,9146.0,5271.5,4636.7,4741.7,3933.6,3743.1,3157.6,2483.4,2473.2,1743.0,2004.5,1707.2,2367.6,777.72,1261.0,1492.4,1468.7,1849.4,1401.1,847.78,1322.7,1242.6,1334.1,1203.7,911.95,795.47,534.0,630.62,459.4,1320.5,492.7,266.77,796.05,832.44,673.26,577.53,1031.1,406.48,623.93,899.33,944.26,440.88,572.33,808.42,127.6,881.09,395.91,646.65,465.31,360.69,472.6,227.24,550.0,586.58,208.01,599.39,849.84,259.6,422.32,355.47,120.21,247.35,556.47,443.74,264.51,613.32,143.99,629.49,269.5,161.43,352.61,527.3,486.48,726.42,566.05,528.64,176.6,607.47,186.41,472.83,136.4,653.84,598.59,183.35,70.615,249.74,546.64,236.55,308.34,741.88,902.87,481.08,518.14,97.362,132.2,690.49,226.95,220.93,289.17,345.74,623.74,245.52,218.38,372.62,165.96,321.9,200.45,29.409,521.98,433.81,41.428,714.32,229.31,662.36,635.78,216.44,370.02,690.51,256.35,366.41,215.37,610.47,421.66,366.27,625.27,700.4,227.67,449.11,44.073,219.0,508.25,291.24,395.92,319.82,827.21,811.78,341.7,728.18,261.2,583.56,569.32,95.734,146.64,465.32,164.94,576.47,310.41,572.44,333.36,434.21,259.31,503.52,575.96,388.79,127.9,124.82,559.69,363.98,156.85,31.423,182.66,356.54,233.18,450.89,221.96,262.16,108.47,224.84,352.0,541.84,318.21,172.79,314.66,229.78,141.72,322.68,227.21,197.57,674.45,574.06,479.24,258.64,246.9,525.23,561.46,368.8,360.88,337.75,229.78,172.04,234.25,304.55,178.37,199.32,62.541,596.41,125.1,383.83,103.71,464.89,237.22,94.983,160.14,94.245,222.54,329.74,127.41,474.73,301.02,403.49,269.21,390.12,306.4,106.22,245.95,189.89,254.99,247.86,370.83,181.31,129.88,177.19,101.87,57.886,116.09,132.08,17.194,110.78,226.68,206.24,122.67,158.44,166.41,47.476,195.91,56.612,133.12,92.29,60.977,137.98,105.96,52.877,150.96,146.05,129.22,rest
0.0,22228.0,18956.0,7085.4,12058.0,7463.5,2457.8,1823.9,2749.9,609.79,1189.9,1508.1,619.74,1019.3,782.97,876.77,396.63,844.45,341.89,675.88,373.79,450.95,437.57,260.75,1068.2,433.59,446.14,552.15,970.26,726.41,528.14,240.93,583.81,700.74,353.1,213.78,368.57,562.93,385.46,538.54,333.5,429.18,249.18,852.16,360.56,418.61,415.94,450.24,510.15,371.01,147.38,739.17,347.6,217.27,546.23,129.56,124.92,373.88,325.31,180.13,438.05,485.64,568.5,306.21,714.72,269.49,259.16,43.56,214.94,83.148,296.77,372.45,691.16,395.04,326.43,235.0,541.24,215.84,314.79,573.96,742.37,467.46,169.22,340.54,180.57,522.39,490.59,739.25,150.8,232.38,389.2,468.0,218.08,219.61,308.84,487.15,422.96,300.94,371.43,232.14,47.855,429.16,408.57,295.6,730.66,351.68,332.25,331.71,104.96,533.12,183.88,318.43,523.52,576.23,54.024,191.75,387.37,262.28,427.41,246.17,184.03,399.4,289.96,361.7,394.77,153.9,452.85,125.46,484.44,173.09,42.272,341.06,370.87,379.2,454.98,200.17,323.78,171.29,300.36,280.6,319.93,190.58,387.01,228.21,325.69,460.12,387.43,474.49,370.65,195.72,279.13,478.55,459.93,448.4,116.84,130.42,120.04,167.02,247.45,588.79,68.262,506.0,279.26,352.81,409.64,120.03,694.63,177.92,340.69,135.23,459.09,266.82,217.73,463.56,330.04,90.683,579.33,400.22,299.26,276.78,555.69,384.78,238.22,202.3,581.84,115.9,758.0,254.69,995.67,297.78,378.64,81.945,258.48,118.27,392.22,261.04,87.318,261.54,241.01,128.57,359.66,269.21,320.52,447.96,91.615,353.35,265.54,176.52,295.54,204.41,260.92,154.54,383.94,435.98,576.03,180.73,199.67,81.576,247.83,416.26,411.82,34.572,161.53,262.75,72.046,285.66,100.13,186.34,102.11,185.0,139.37,61.202,167.03,39.029,146.76,238.93,181.81,115.53,184.08,185.91,167.5,63.668,43.745,25.276,19.348,64.413,89.547,25.678,68.055,35.574,rest
0.0,8539.2,7174.1,7052.0,4077.5,5057.4,977.42,2644.3,1082.0,2910.0,1589.9,273.16,475.0,1379.5,977.82,1106.5,773.1,430.1,335.4,1473.3,58.888,871.21,1660.7,470.91,211.91,460.73,461.72,571.96,630.07,977.44,656.5,157.59,439.99,1127.4,520.16,493.34,385.41,170.71,241.53,306.72,564.53,337.98,374.67,650.63,443.61,311.88,198.5,272.07,415.93,208.26,423.95,275.62,610.06,607.99,411.13,344.13,282.47,98.094,416.25,346.59,207.55,318.78,329.7,574.98,240.23,167.04,185.35,95.565,92.575,503.45,431.97,268.72,546.67,148.19,538.63,370.09,606.56,140.04,398.88,302.2,244.07,120.27,223.82,480.03,382.17,274.94,48.55,431.72,489.34,696.7,325.35,118.44,340.96,235.99,111.9,144.61,348.39,228.67,203.6,116.47,143.94,769.05,374.6,344.03,115.03,442.19,516.39,286.81,234.77,323.45,609.73,258.01,205.74,275.8,219.77,199.13,489.54,207.82,263.67,171.77,359.43,505.7,440.2,337.99,331.36,216.86,166.76,118.03,428.23,352.19,208.86,21.434,570.78,324.38,88.075,269.28,478.18,289.77,382.53,410.38,255.27,377.58,354.55,435.96,334.5,709.73,225.89,289.67,242.56,292.24,565.6,190.88,666.21,115.58,796.86,375.7,476.62,605.5,347.58,212.92,591.82,274.92,496.58,348.65,383.34,384.83,234.0,128.68,190.55,147.67,415.21,305.21,376.98,196.6,186.13,293.19,393.72,297.54,520.6,627.03,276.34,525.37,658.49,583.11,221.39,478.1,230.78,339.48,273.55,124.46,271.61,209.22,95.103,96.794,614.41,451.71,527.57,264.83,98.273,165.83,171.01,139.44,263.6,134.95,104.01,317.08,110.2,92.886,151.91,59.479,348.98,152.68,324.64,164.39,114.97,353.75,80.566,402.3,241.17,77.371,95.697,233.52,144.37,128.41,237.04,97.098,227.52,90.491,145.25,124.38,284.46,245.34,23.376,3.1843,90.19,135.49,82.891,187.38,107.53,174.9,29.578,144.73,121.68,249.03,89.634,144.47,121.93,32.139,105.55,160.56,rest
